id,reference_path,search_path,gt_x,gt_y,gt_box_x,gt_box_y,gt_box_w,gt_box_h,architecture,beam_spot_size_nm,collapse_threshold_nm,dose_reference,dose_search,shear_amplitude_px,drift_jitter_px,astigmatism_ratio,vignette_strength,gamma,barrel_distortion_k,charging_streak_prob,charging_streak_intensity,speckle_sigma,salt_pepper_prob,linewidth_bias_nm,corner_rounding_px,mat_size_nm,strip_width_nm,boundary_bias,seed
0,dataset\train\reference\00000.png,dataset\train\search\00000.png,794.9,198.7,744.9,148.7,100,100,dram_dense,5.0,10.0,2000.0,200.0,1.5,0.5,1.0,0.0,1.0,0.0,0.0,0.0,0.0,0.0,0.0,0.0,2600.0,320.0,0.35,42
1,dataset\train\reference\00001.png,dataset\train\search\00001.png,827.0,616.3,777.0,566.3,100,100,finfet_22nm,5.0,10.0,2000.0,200.0,1.5,0.5,1.0,0.0,1.0,0.0,0.0,0.0,0.0,0.0,0.0,0.0,2600.0,320.0,0.35,42
2,dataset\train\reference\00002.png,dataset\train\search\00002.png,262.0,714.3,212.0,664.3,100,100,finfet_22nm,5.0,10.0,2000.0,200.0,1.5,0.5,1.0,0.0,1.0,0.0,0.0,0.0,0.0,0.0,0.0,0.0,2600.0,320.0,0.35,42
3,dataset\train\reference\00003.png,dataset\train\search\00003.png,835.4,137.7,785.4,87.7,100,100,dram_loose,5.0,10.0,2000.0,200.0,1.5,0.5,1.0,0.0,1.0,0.0,0.0,0.0,0.0,0.0,0.0,0.0,2600.0,320.0,0.35,42
4,dataset\train\reference\00004.png,dataset\train\search\00004.png,677.2,511.8,627.2,461.8,100,100,dram_dense,5.0,10.0,2000.0,200.0,1.5,0.5,1.0,0.0,1.0,0.0,0.0,0.0,0.0,0.0,0.0,0.0,2600.0,320.0,0.35,42
5,dataset\train\reference\00005.png,dataset\train\search\00005.png,298.8,139.9,248.8,89.9,100,100,dram_legacy,5.0,10.0,2000.0,200.0,1.5,0.5,1.0,0.0,1.0,0.0,0.0,0.0,0.0,0.0,0.0,0.0,2600.0,320.0,0.35,42
6,dataset\train\reference\00006.png,dataset\train\search\00006.png,177.8,571.7,127.8,521.7,100,100,finfet_7nm,5.0,10.0,2000.0,200.0,1.5,0.5,1.0,0.0,1.0,0.0,0.0,0.0,0.0,0.0,0.0,0.0,2600.0,320.0,0.35,42
7,dataset\train\reference\00007.png,dataset\train\search\00007.png,181.6,946.2,131.6,896.2,100,100,finfet_14nm,5.0,10.0,2000.0,200.0,1.5,0.5,1.0,0.0,1.0,0.0,0.0,0.0,0.0,0.0,0.0,0.0,2600.0,320.0,0.35,42
8,dataset\train\reference\00008.png,dataset\train\search\00008.png,428.7,882.2,378.7,832.2,100,100,dram_loose,5.0,10.0,2000.0,200.0,1.5,0.5,1.0,0.0,1.0,0.0,0.0,0.0,0.0,0.0,0.0,0.0,2600.0,320.0,0.35,42
9,dataset\train\reference\00009.png,dataset\train\search\00009.png,874.9,597.8,824.9,547.8,100,100,dram_wide,5.0,10.0,2000.0,200.0,1.5,0.5,1.0,0.0,1.0,0.0,0.0,0.0,0.0,0.0,0.0,0.0,2600.0,320.0,0.35,42
10,dataset\train\reference\00010.png,dataset\train\search\00010.png,491.1,776.1,441.1,726.1,100,100,finfet_14nm,5.0,10.0,2000.0,200.0,1.5,0.5,1.0,0.0,1.0,0.0,0.0,0.0,0.0,0.0,0.0,0.0,2600.0,320.0,0.35,42
11,dataset\train\reference\00011.png,dataset\train\search\00011.png,846.8,359.4,796.8,309.4,100,100,dram_wide,5.0,10.0,2000.0,200.0,1.5,0.5,1.0,0.0,1.0,0.0,0.0,0.0,0.0,0.0,0.0,0.0,2600.0,320.0,0.35,42
12,dataset\train\reference\00012.png,dataset\train\search\00012.png,928.9,666.5,878.9,616.5,100,100,finfet_45nm,5.0,10.0,2000.0,200.0,1.5,0.5,1.0,0.0,1.0,0.0,0.0,0.0,0.0,0.0,0.0,0.0,2600.0,320.0,0.35,42
13,dataset\train\reference\00013.png,dataset\train\search\00013.png,947.9,858.7,897.9,808.7,100,100,finfet_14nm,5.0,10.0,2000.0,200.0,1.5,0.5,1.0,0.0,1.0,0.0,0.0,0.0,0.0,0.0,0.0,0.0,2600.0,320.0,0.35,42
14,dataset\train\reference\00014.png,dataset\train\search\00014.png,268.1,743.7,218.1,693.7,100,100,finfet_14nm,5.0,10.0,2000.0,200.0,1.5,0.5,1.0,0.0,1.0,0.0,0.0,0.0,0.0,0.0,0.0,0.0,2600.0,320.0,0.35,42
15,dataset\train\reference\00015.png,dataset\train\search\00015.png,722.9,262.9,672.9,212.9,100,100,finfet_10nm,5.0,10.0,2000.0,200.0,1.5,0.5,1.0,0.0,1.0,0.0,0.0,0.0,0.0,0.0,0.0,0.0,2600.0,320.0,0.35,42
16,dataset\train\reference\00016.png,dataset\train\search\00016.png,559.9,690.9,509.9,640.9,100,100,finfet_45nm,5.0,10.0,2000.0,200.0,1.5,0.5,1.0,0.0,1.0,0.0,0.0,0.0,0.0,0.0,0.0,0.0,2600.0,320.0,0.35,42
17,dataset\train\reference\00017.png,dataset\train\search\00017.png,360.1,58.3,310.1,8.3,100,100,finfet_22nm,5.0,10.0,2000.0,200.0,1.5,0.5,1.0,0.0,1.0,0.0,0.0,0.0,0.0,0.0,0.0,0.0,2600.0,320.0,0.35,42
18,dataset\train\reference\00018.png,dataset\train\search\00018.png,121.2,883.6,71.2,833.6,100,100,dram_compact,5.0,10.0,2000.0,200.0,1.5,0.5,1.0,0.0,1.0,0.0,0.0,0.0,0.0,0.0,0.0,0.0,2600.0,320.0,0.35,42
19,dataset\train\reference\00019.png,dataset\train\search\00019.png,564.2,154.5,514.2,104.5,100,100,finfet_14nm,5.0,10.0,2000.0,200.0,1.5,0.5,1.0,0.0,1.0,0.0,0.0,0.0,0.0,0.0,0.0,0.0,2600.0,320.0,0.35,42
20,dataset\train\reference\00020.png,dataset\train\search\00020.png,283.7,677.2,233.7,627.2,100,100,finfet_28nm,5.0,10.0,2000.0,200.0,1.5,0.5,1.0,0.0,1.0,0.0,0.0,0.0,0.0,0.0,0.0,0.0,2600.0,320.0,0.35,42
21,dataset\train\reference\00021.png,dataset\train\search\00021.png,169.9,368.5,119.9,318.5,100,100,dram_dense,5.0,10.0,2000.0,200.0,1.5,0.5,1.0,0.0,1.0,0.0,0.0,0.0,0.0,0.0,0.0,0.0,2600.0,320.0,0.35,42
22,dataset\train\reference\00022.png,dataset\train\search\00022.png,637.5,936.0,587.5,886.0,100,100,finfet_14nm,5.0,10.0,2000.0,200.0,1.5,0.5,1.0,0.0,1.0,0.0,0.0,0.0,0.0,0.0,0.0,0.0,2600.0,320.0,0.35,42
23,dataset\train\reference\00023.png,dataset\train\search\00023.png,535.3,772.4,485.3,722.4,100,100,dram_legacy,5.0,10.0,2000.0,200.0,1.5,0.5,1.0,0.0,1.0,0.0,0.0,0.0,0.0,0.0,0.0,0.0,2600.0,320.0,0.35,42
24,dataset\train\reference\00024.png,dataset\train\search\00024.png,410.3,572.2,360.3,522.2,100,100,dram_loose,5.0,10.0,2000.0,200.0,1.5,0.5,1.0,0.0,1.0,0.0,0.0,0.0,0.0,0.0,0.0,0.0,2600.0,320.0,0.35,42
25,dataset\train\reference\00025.png,dataset\train\search\00025.png,443.2,689.6,393.2,639.6,100,100,finfet_10nm,5.0,10.0,2000.0,200.0,1.5,0.5,1.0,0.0,1.0,0.0,0.0,0.0,0.0,0.0,0.0,0.0,2600.0,320.0,0.35,42
26,dataset\train\reference\00026.png,dataset\train\search\00026.png,849.6,394.2,799.6,344.2,100,100,dram_wide,5.0,10.0,2000.0,200.0,1.5,0.5,1.0,0.0,1.0,0.0,0.0,0.0,0.0,0.0,0.0,0.0,2600.0,320.0,0.35,42
27,dataset\train\reference\00027.png,dataset\train\search\00027.png,578.1,439.6,528.1,389.6,100,100,finfet_22nm,5.0,10.0,2000.0,200.0,1.5,0.5,1.0,0.0,1.0,0.0,0.0,0.0,0.0,0.0,0.0,0.0,2600.0,320.0,0.35,42
28,dataset\train\reference\00028.png,dataset\train\search\00028.png,859.9,856.5,809.9,806.5,100,100,dram_dense,5.0,10.0,2000.0,200.0,1.5,0.5,1.0,0.0,1.0,0.0,0.0,0.0,0.0,0.0,0.0,0.0,2600.0,320.0,0.35,42
29,dataset\train\reference\00029.png,dataset\train\search\00029.png,469.9,182.6,419.9,132.6,100,100,dram_loose,5.0,10.0,2000.0,200.0,1.5,0.5,1.0,0.0,1.0,0.0,0.0,0.0,0.0,0.0,0.0,0.0,2600.0,320.0,0.35,42
30,dataset\train\reference\00030.png,dataset\train\search\00030.png,547.3,153.1,497.3,103.1,100,100,dram_legacy,5.0,10.0,2000.0,200.0,1.5,0.5,1.0,0.0,1.0,0.0,0.0,0.0,0.0,0.0,0.0,0.0,2600.0,320.0,0.35,42
31,dataset\train\reference\00031.png,dataset\train\search\00031.png,83.1,110.7,33.1,60.7,100,100,dram_1x,5.0,10.0,2000.0,200.0,1.5,0.5,1.0,0.0,1.0,0.0,0.0,0.0,0.0,0.0,0.0,0.0,2600.0,320.0,0.35,42
32,dataset\train\reference\00032.png,dataset\train\search\00032.png,232.4,473.3,182.4,423.3,100,100,dram_legacy,5.0,10.0,2000.0,200.0,1.5,0.5,1.0,0.0,1.0,0.0,0.0,0.0,0.0,0.0,0.0,0.0,2600.0,320.0,0.35,42
33,dataset\train\reference\00033.png,dataset\train\search\00033.png,921.5,765.7,871.5,715.7,100,100,dram_wide,5.0,10.0,2000.0,200.0,1.5,0.5,1.0,0.0,1.0,0.0,0.0,0.0,0.0,0.0,0.0,0.0,2600.0,320.0,0.35,42
34,dataset\train\reference\00034.png,dataset\train\search\00034.png,575.4,151.8,525.4,101.8,100,100,finfet_10nm,5.0,10.0,2000.0,200.0,1.5,0.5,1.0,0.0,1.0,0.0,0.0,0.0,0.0,0.0,0.0,0.0,2600.0,320.0,0.35,42
35,dataset\train\reference\00035.png,dataset\train\search\00035.png,589.0,100.0,539.0,50.0,100,100,dram_1x,5.0,10.0,2000.0,200.0,1.5,0.5,1.0,0.0,1.0,0.0,0.0,0.0,0.0,0.0,0.0,0.0,2600.0,320.0,0.35,42
36,dataset\train\reference\00036.png,dataset\train\search\00036.png,290.6,762.0,240.6,712.0,100,100,dram_dense,5.0,10.0,2000.0,200.0,1.5,0.5,1.0,0.0,1.0,0.0,0.0,0.0,0.0,0.0,0.0,0.0,2600.0,320.0,0.35,42
37,dataset\train\reference\00037.png,dataset\train\search\00037.png,696.5,308.1,646.5,258.1,100,100,finfet_22nm,5.0,10.0,2000.0,200.0,1.5,0.5,1.0,0.0,1.0,0.0,0.0,0.0,0.0,0.0,0.0,0.0,2600.0,320.0,0.35,42
38,dataset\train\reference\00038.png,dataset\train\search\00038.png,526.9,65.0,476.9,15.0,100,100,finfet_7nm,5.0,10.0,2000.0,200.0,1.5,0.5,1.0,0.0,1.0,0.0,0.0,0.0,0.0,0.0,0.0,0.0,2600.0,320.0,0.35,42
39,dataset\train\reference\00039.png,dataset\train\search\00039.png,889.5,539.8,839.5,489.8,100,100,finfet_22nm,5.0,10.0,2000.0,200.0,1.5,0.5,1.0,0.0,1.0,0.0,0.0,0.0,0.0,0.0,0.0,0.0,2600.0,320.0,0.35,42
40,dataset\train\reference\00040.png,dataset\train\search\00040.png,674.9,405.4,624.9,355.4,100,100,dram_compact,5.0,10.0,2000.0,200.0,1.5,0.5,1.0,0.0,1.0,0.0,0.0,0.0,0.0,0.0,0.0,0.0,2600.0,320.0,0.35,42
41,dataset\train\reference\00041.png,dataset\train\search\00041.png,705.3,709.7,655.3,659.7,100,100,finfet_22nm,5.0,10.0,2000.0,200.0,1.5,0.5,1.0,0.0,1.0,0.0,0.0,0.0,0.0,0.0,0.0,0.0,2600.0,320.0,0.35,42
42,dataset\train\reference\00042.png,dataset\train\search\00042.png,889.4,877.0,839.4,827.0,100,100,dram_legacy,5.0,10.0,2000.0,200.0,1.5,0.5,1.0,0.0,1.0,0.0,0.0,0.0,0.0,0.0,0.0,0.0,2600.0,320.0,0.35,42
43,dataset\train\reference\00043.png,dataset\train\search\00043.png,531.1,454.9,481.1,404.9,100,100,dram_loose,5.0,10.0,2000.0,200.0,1.5,0.5,1.0,0.0,1.0,0.0,0.0,0.0,0.0,0.0,0.0,0.0,2600.0,320.0,0.35,42
44,dataset\train\reference\00044.png,dataset\train\search\00044.png,570.6,625.8,520.6,575.8,100,100,finfet_7nm,5.0,10.0,2000.0,200.0,1.5,0.5,1.0,0.0,1.0,0.0,0.0,0.0,0.0,0.0,0.0,0.0,2600.0,320.0,0.35,42
45,dataset\train\reference\00045.png,dataset\train\search\00045.png,528.3,416.9,478.3,366.9,100,100,finfet_14nm,5.0,10.0,2000.0,200.0,1.5,0.5,1.0,0.0,1.0,0.0,0.0,0.0,0.0,0.0,0.0,0.0,2600.0,320.0,0.35,42
46,dataset\train\reference\00046.png,dataset\train\search\00046.png,274.0,285.8,224.0,235.8,100,100,dram_compact,5.0,10.0,2000.0,200.0,1.5,0.5,1.0,0.0,1.0,0.0,0.0,0.0,0.0,0.0,0.0,0.0,2600.0,320.0,0.35,42
47,dataset\train\reference\00047.png,dataset\train\search\00047.png,432.4,289.5,382.4,239.5,100,100,finfet_28nm,5.0,10.0,2000.0,200.0,1.5,0.5,1.0,0.0,1.0,0.0,0.0,0.0,0.0,0.0,0.0,0.0,2600.0,320.0,0.35,42
48,dataset\train\reference\00048.png,dataset\train\search\00048.png,599.3,838.8,549.3,788.8,100,100,dram_1x,5.0,10.0,2000.0,200.0,1.5,0.5,1.0,0.0,1.0,0.0,0.0,0.0,0.0,0.0,0.0,0.0,2600.0,320.0,0.35,42
49,dataset\train\reference\00049.png,dataset\train\search\00049.png,552.5,308.9,502.5,258.9,100,100,finfet_7nm,5.0,10.0,2000.0,200.0,1.5,0.5,1.0,0.0,1.0,0.0,0.0,0.0,0.0,0.0,0.0,0.0,2600.0,320.0,0.35,42
50,dataset\train\reference\00050.png,dataset\train\search\00050.png,816.7,740.0,766.7,690.0,100,100,finfet_28nm,5.0,10.0,2000.0,200.0,1.5,0.5,1.0,0.0,1.0,0.0,0.0,0.0,0.0,0.0,0.0,0.0,2600.0,320.0,0.35,42
51,dataset\train\reference\00051.png,dataset\train\search\00051.png,885.8,183.6,835.8,133.6,100,100,finfet_45nm,5.0,10.0,2000.0,200.0,1.5,0.5,1.0,0.0,1.0,0.0,0.0,0.0,0.0,0.0,0.0,0.0,2600.0,320.0,0.35,42
52,dataset\train\reference\00052.png,dataset\train\search\00052.png,652.8,337.2,602.8,287.2,100,100,dram_compact,5.0,10.0,2000.0,200.0,1.5,0.5,1.0,0.0,1.0,0.0,0.0,0.0,0.0,0.0,0.0,0.0,2600.0,320.0,0.35,42
53,dataset\train\reference\00053.png,dataset\train\search\00053.png,671.6,617.0,621.6,567.0,100,100,dram_loose,5.0,10.0,2000.0,200.0,1.5,0.5,1.0,0.0,1.0,0.0,0.0,0.0,0.0,0.0,0.0,0.0,2600.0,320.0,0.35,42
54,dataset\train\reference\00054.png,dataset\train\search\00054.png,439.3,838.3,389.3,788.3,100,100,dram_loose,5.0,10.0,2000.0,200.0,1.5,0.5,1.0,0.0,1.0,0.0,0.0,0.0,0.0,0.0,0.0,0.0,2600.0,320.0,0.35,42
55,dataset\train\reference\00055.png,dataset\train\search\00055.png,760.5,915.3,710.5,865.3,100,100,dram_loose,5.0,10.0,2000.0,200.0,1.5,0.5,1.0,0.0,1.0,0.0,0.0,0.0,0.0,0.0,0.0,0.0,2600.0,320.0,0.35,42
56,dataset\train\reference\00056.png,dataset\train\search\00056.png,804.0,299.3,754.0,249.3,100,100,dram_dense,5.0,10.0,2000.0,200.0,1.5,0.5,1.0,0.0,1.0,0.0,0.0,0.0,0.0,0.0,0.0,0.0,2600.0,320.0,0.35,42
57,dataset\train\reference\00057.png,dataset\train\search\00057.png,586.2,106.5,536.2,56.5,100,100,finfet_28nm,5.0,10.0,2000.0,200.0,1.5,0.5,1.0,0.0,1.0,0.0,0.0,0.0,0.0,0.0,0.0,0.0,2600.0,320.0,0.35,42
58,dataset\train\reference\00058.png,dataset\train\search\00058.png,725.1,867.4,675.1,817.4,100,100,dram_compact,5.0,10.0,2000.0,200.0,1.5,0.5,1.0,0.0,1.0,0.0,0.0,0.0,0.0,0.0,0.0,0.0,2600.0,320.0,0.35,42
59,dataset\train\reference\00059.png,dataset\train\search\00059.png,853.8,408.2,803.8,358.2,100,100,dram_dense,5.0,10.0,2000.0,200.0,1.5,0.5,1.0,0.0,1.0,0.0,0.0,0.0,0.0,0.0,0.0,0.0,2600.0,320.0,0.35,42
60,dataset\train\reference\00060.png,dataset\train\search\00060.png,846.6,919.2,796.6,869.2,100,100,dram_1x,5.0,10.0,2000.0,200.0,1.5,0.5,1.0,0.0,1.0,0.0,0.0,0.0,0.0,0.0,0.0,0.0,2600.0,320.0,0.35,42
61,dataset\train\reference\00061.png,dataset\train\search\00061.png,780.2,249.0,730.2,199.0,100,100,dram_1x,5.0,10.0,2000.0,200.0,1.5,0.5,1.0,0.0,1.0,0.0,0.0,0.0,0.0,0.0,0.0,0.0,2600.0,320.0,0.35,42
62,dataset\train\reference\00062.png,dataset\train\search\00062.png,863.4,827.2,813.4,777.2,100,100,dram_compact,5.0,10.0,2000.0,200.0,1.5,0.5,1.0,0.0,1.0,0.0,0.0,0.0,0.0,0.0,0.0,0.0,2600.0,320.0,0.35,42
63,dataset\train\reference\00063.png,dataset\train\search\00063.png,562.4,802.1,512.4,752.1,100,100,dram_legacy,5.0,10.0,2000.0,200.0,1.5,0.5,1.0,0.0,1.0,0.0,0.0,0.0,0.0,0.0,0.0,0.0,2600.0,320.0,0.35,42
64,dataset\train\reference\00064.png,dataset\train\search\00064.png,837.1,272.4,787.1,222.4,100,100,dram_dense,5.0,10.0,2000.0,200.0,1.5,0.5,1.0,0.0,1.0,0.0,0.0,0.0,0.0,0.0,0.0,0.0,2600.0,320.0,0.35,42
65,dataset\train\reference\00065.png,dataset\train\search\00065.png,710.2,579.4,660.2,529.4,100,100,finfet_14nm,5.0,10.0,2000.0,200.0,1.5,0.5,1.0,0.0,1.0,0.0,0.0,0.0,0.0,0.0,0.0,0.0,2600.0,320.0,0.35,42
66,dataset\train\reference\00066.png,dataset\train\search\00066.png,473.7,815.6,423.7,765.6,100,100,dram_loose,5.0,10.0,2000.0,200.0,1.5,0.5,1.0,0.0,1.0,0.0,0.0,0.0,0.0,0.0,0.0,0.0,2600.0,320.0,0.35,42
67,dataset\train\reference\00067.png,dataset\train\search\00067.png,667.4,314.1,617.4,264.1,100,100,dram_wide,5.0,10.0,2000.0,200.0,1.5,0.5,1.0,0.0,1.0,0.0,0.0,0.0,0.0,0.0,0.0,0.0,2600.0,320.0,0.35,42
68,dataset\train\reference\00068.png,dataset\train\search\00068.png,820.7,461.4,770.7,411.4,100,100,finfet_45nm,5.0,10.0,2000.0,200.0,1.5,0.5,1.0,0.0,1.0,0.0,0.0,0.0,0.0,0.0,0.0,0.0,2600.0,320.0,0.35,42
69,dataset\train\reference\00069.png,dataset\train\search\00069.png,328.9,838.8,278.9,788.8,100,100,finfet_7nm,5.0,10.0,2000.0,200.0,1.5,0.5,1.0,0.0,1.0,0.0,0.0,0.0,0.0,0.0,0.0,0.0,2600.0,320.0,0.35,42
70,dataset\train\reference\00070.png,dataset\train\search\00070.png,667.5,823.2,617.5,773.2,100,100,finfet_28nm,5.0,10.0,2000.0,200.0,1.5,0.5,1.0,0.0,1.0,0.0,0.0,0.0,0.0,0.0,0.0,0.0,2600.0,320.0,0.35,42
71,dataset\train\reference\00071.png,dataset\train\search\00071.png,579.2,862.4,529.2,812.4,100,100,finfet_45nm,5.0,10.0,2000.0,200.0,1.5,0.5,1.0,0.0,1.0,0.0,0.0,0.0,0.0,0.0,0.0,0.0,2600.0,320.0,0.35,42
72,dataset\train\reference\00072.png,dataset\train\search\00072.png,940.0,591.7,890.0,541.7,100,100,dram_dense,5.0,10.0,2000.0,200.0,1.5,0.5,1.0,0.0,1.0,0.0,0.0,0.0,0.0,0.0,0.0,0.0,2600.0,320.0,0.35,42
73,dataset\train\reference\00073.png,dataset\train\search\00073.png,737.2,874.8,687.2,824.8,100,100,finfet_22nm,5.0,10.0,2000.0,200.0,1.5,0.5,1.0,0.0,1.0,0.0,0.0,0.0,0.0,0.0,0.0,0.0,2600.0,320.0,0.35,42
74,dataset\train\reference\00074.png,dataset\train\search\00074.png,522.7,720.9,472.7,670.9,100,100,dram_dense,5.0,10.0,2000.0,200.0,1.5,0.5,1.0,0.0,1.0,0.0,0.0,0.0,0.0,0.0,0.0,0.0,2600.0,320.0,0.35,42
75,dataset\train\reference\00075.png,dataset\train\search\00075.png,277.3,131.2,227.3,81.2,100,100,finfet_28nm,5.0,10.0,2000.0,200.0,1.5,0.5,1.0,0.0,1.0,0.0,0.0,0.0,0.0,0.0,0.0,0.0,2600.0,320.0,0.35,42
76,dataset\train\reference\00076.png,dataset\train\search\00076.png,912.7,312.0,862.7,262.0,100,100,dram_compact,5.0,10.0,2000.0,200.0,1.5,0.5,1.0,0.0,1.0,0.0,0.0,0.0,0.0,0.0,0.0,0.0,2600.0,320.0,0.35,42
77,dataset\train\reference\00077.png,dataset\train\search\00077.png,359.6,264.9,309.6,214.9,100,100,dram_legacy,5.0,10.0,2000.0,200.0,1.5,0.5,1.0,0.0,1.0,0.0,0.0,0.0,0.0,0.0,0.0,0.0,2600.0,320.0,0.35,42
78,dataset\train\reference\00078.png,dataset\train\search\00078.png,860.3,666.8,810.3,616.8,100,100,dram_1x,5.0,10.0,2000.0,200.0,1.5,0.5,1.0,0.0,1.0,0.0,0.0,0.0,0.0,0.0,0.0,0.0,2600.0,320.0,0.35,42
79,dataset\train\reference\00079.png,dataset\train\search\00079.png,504.6,467.5,454.6,417.5,100,100,finfet_45nm,5.0,10.0,2000.0,200.0,1.5,0.5,1.0,0.0,1.0,0.0,0.0,0.0,0.0,0.0,0.0,0.0,2600.0,320.0,0.35,42
80,dataset\train\reference\00080.png,dataset\train\search\00080.png,524.1,303.6,474.1,253.6,100,100,finfet_14nm,5.0,10.0,2000.0,200.0,1.5,0.5,1.0,0.0,1.0,0.0,0.0,0.0,0.0,0.0,0.0,0.0,2600.0,320.0,0.35,42
81,dataset\train\reference\00081.png,dataset\train\search\00081.png,809.3,813.2,759.3,763.2,100,100,finfet_28nm,5.0,10.0,2000.0,200.0,1.5,0.5,1.0,0.0,1.0,0.0,0.0,0.0,0.0,0.0,0.0,0.0,2600.0,320.0,0.35,42
82,dataset\train\reference\00082.png,dataset\train\search\00082.png,945.2,614.6,895.2,564.6,100,100,dram_compact,5.0,10.0,2000.0,200.0,1.5,0.5,1.0,0.0,1.0,0.0,0.0,0.0,0.0,0.0,0.0,0.0,2600.0,320.0,0.35,42
83,dataset\train\reference\00083.png,dataset\train\search\00083.png,808.8,666.5,758.8,616.5,100,100,finfet_10nm,5.0,10.0,2000.0,200.0,1.5,0.5,1.0,0.0,1.0,0.0,0.0,0.0,0.0,0.0,0.0,0.0,2600.0,320.0,0.35,42
84,dataset\train\reference\00084.png,dataset\train\search\00084.png,403.3,545.2,353.3,495.2,100,100,finfet_28nm,5.0,10.0,2000.0,200.0,1.5,0.5,1.0,0.0,1.0,0.0,0.0,0.0,0.0,0.0,0.0,0.0,2600.0,320.0,0.35,42
85,dataset\train\reference\00085.png,dataset\train\search\00085.png,419.1,119.6,369.1,69.6,100,100,finfet_45nm,5.0,10.0,2000.0,200.0,1.5,0.5,1.0,0.0,1.0,0.0,0.0,0.0,0.0,0.0,0.0,0.0,2600.0,320.0,0.35,42
86,dataset\train\reference\00086.png,dataset\train\search\00086.png,563.7,857.2,513.7,807.2,100,100,finfet_10nm,5.0,10.0,2000.0,200.0,1.5,0.5,1.0,0.0,1.0,0.0,0.0,0.0,0.0,0.0,0.0,0.0,2600.0,320.0,0.35,42
87,dataset\train\reference\00087.png,dataset\train\search\00087.png,82.6,327.2,32.6,277.2,100,100,finfet_45nm,5.0,10.0,2000.0,200.0,1.5,0.5,1.0,0.0,1.0,0.0,0.0,0.0,0.0,0.0,0.0,0.0,2600.0,320.0,0.35,42
88,dataset\train\reference\00088.png,dataset\train\search\00088.png,82.3,758.1,32.3,708.1,100,100,finfet_7nm,5.0,10.0,2000.0,200.0,1.5,0.5,1.0,0.0,1.0,0.0,0.0,0.0,0.0,0.0,0.0,0.0,2600.0,320.0,0.35,42
89,dataset\train\reference\00089.png,dataset\train\search\00089.png,860.9,840.9,810.9,790.9,100,100,finfet_22nm,5.0,10.0,2000.0,200.0,1.5,0.5,1.0,0.0,1.0,0.0,0.0,0.0,0.0,0.0,0.0,0.0,2600.0,320.0,0.35,42
90,dataset\train\reference\00090.png,dataset\train\search\00090.png,392.2,895.8,342.2,845.8,100,100,dram_legacy,5.0,10.0,2000.0,200.0,1.5,0.5,1.0,0.0,1.0,0.0,0.0,0.0,0.0,0.0,0.0,0.0,2600.0,320.0,0.35,42
91,dataset\train\reference\00091.png,dataset\train\search\00091.png,830.2,661.9,780.2,611.9,100,100,finfet_10nm,5.0,10.0,2000.0,200.0,1.5,0.5,1.0,0.0,1.0,0.0,0.0,0.0,0.0,0.0,0.0,0.0,2600.0,320.0,0.35,42
92,dataset\train\reference\00092.png,dataset\train\search\00092.png,552.7,849.6,502.7,799.6,100,100,finfet_45nm,5.0,10.0,2000.0,200.0,1.5,0.5,1.0,0.0,1.0,0.0,0.0,0.0,0.0,0.0,0.0,0.0,2600.0,320.0,0.35,42
93,dataset\train\reference\00093.png,dataset\train\search\00093.png,807.9,363.9,757.9,313.9,100,100,dram_loose,5.0,10.0,2000.0,200.0,1.5,0.5,1.0,0.0,1.0,0.0,0.0,0.0,0.0,0.0,0.0,0.0,2600.0,320.0,0.35,42
94,dataset\train\reference\00094.png,dataset\train\search\00094.png,149.4,500.4,99.4,450.4,100,100,dram_legacy,5.0,10.0,2000.0,200.0,1.5,0.5,1.0,0.0,1.0,0.0,0.0,0.0,0.0,0.0,0.0,0.0,2600.0,320.0,0.35,42
95,dataset\train\reference\00095.png,dataset\train\search\00095.png,388.4,316.6,338.4,266.6,100,100,finfet_10nm,5.0,10.0,2000.0,200.0,1.5,0.5,1.0,0.0,1.0,0.0,0.0,0.0,0.0,0.0,0.0,0.0,2600.0,320.0,0.35,42
96,dataset\train\reference\00096.png,dataset\train\search\00096.png,725.0,371.0,675.0,321.0,100,100,finfet_45nm,5.0,10.0,2000.0,200.0,1.5,0.5,1.0,0.0,1.0,0.0,0.0,0.0,0.0,0.0,0.0,0.0,2600.0,320.0,0.35,42
97,dataset\train\reference\00097.png,dataset\train\search\00097.png,573.3,866.3,523.3,816.3,100,100,dram_compact,5.0,10.0,2000.0,200.0,1.5,0.5,1.0,0.0,1.0,0.0,0.0,0.0,0.0,0.0,0.0,0.0,2600.0,320.0,0.35,42
98,dataset\train\reference\00098.png,dataset\train\search\00098.png,886.2,810.0,836.2,760.0,100,100,dram_dense,5.0,10.0,2000.0,200.0,1.5,0.5,1.0,0.0,1.0,0.0,0.0,0.0,0.0,0.0,0.0,0.0,2600.0,320.0,0.35,42
99,dataset\train\reference\00099.png,dataset\train\search\00099.png,545.8,546.7,495.8,496.7,100,100,finfet_7nm,5.0,10.0,2000.0,200.0,1.5,0.5,1.0,0.0,1.0,0.0,0.0,0.0,0.0,0.0,0.0,0.0,2600.0,320.0,0.35,42
100,dataset\train\reference\00100.png,dataset\train\search\00100.png,653.9,71.6,603.9,21.6,100,100,dram_legacy,5.0,10.0,2000.0,200.0,1.5,0.5,1.0,0.0,1.0,0.0,0.0,0.0,0.0,0.0,0.0,0.0,2600.0,320.0,0.35,42
101,dataset\train\reference\00101.png,dataset\train\search\00101.png,933.2,419.4,883.2,369.4,100,100,finfet_14nm,5.0,10.0,2000.0,200.0,1.5,0.5,1.0,0.0,1.0,0.0,0.0,0.0,0.0,0.0,0.0,0.0,2600.0,320.0,0.35,42
102,dataset\train\reference\00102.png,dataset\train\search\00102.png,89.4,157.5,39.4,107.5,100,100,finfet_28nm,5.0,10.0,2000.0,200.0,1.5,0.5,1.0,0.0,1.0,0.0,0.0,0.0,0.0,0.0,0.0,0.0,2600.0,320.0,0.35,42
103,dataset\train\reference\00103.png,dataset\train\search\00103.png,883.1,929.5,833.1,879.5,100,100,finfet_45nm,5.0,10.0,2000.0,200.0,1.5,0.5,1.0,0.0,1.0,0.0,0.0,0.0,0.0,0.0,0.0,0.0,2600.0,320.0,0.35,42
104,dataset\train\reference\00104.png,dataset\train\search\00104.png,645.3,277.1,595.3,227.1,100,100,finfet_10nm,5.0,10.0,2000.0,200.0,1.5,0.5,1.0,0.0,1.0,0.0,0.0,0.0,0.0,0.0,0.0,0.0,2600.0,320.0,0.35,42
105,dataset\train\reference\00105.png,dataset\train\search\00105.png,543.1,427.3,493.1,377.3,100,100,dram_loose,5.0,10.0,2000.0,200.0,1.5,0.5,1.0,0.0,1.0,0.0,0.0,0.0,0.0,0.0,0.0,0.0,2600.0,320.0,0.35,42
106,dataset\train\reference\00106.png,dataset\train\search\00106.png,173.6,621.2,123.6,571.2,100,100,finfet_22nm,5.0,10.0,2000.0,200.0,1.5,0.5,1.0,0.0,1.0,0.0,0.0,0.0,0.0,0.0,0.0,0.0,2600.0,320.0,0.35,42
107,dataset\train\reference\00107.png,dataset\train\search\00107.png,132.4,627.9,82.4,577.9,100,100,dram_1x,5.0,10.0,2000.0,200.0,1.5,0.5,1.0,0.0,1.0,0.0,0.0,0.0,0.0,0.0,0.0,0.0,2600.0,320.0,0.35,42
108,dataset\train\reference\00108.png,dataset\train\search\00108.png,139.4,350.3,89.4,300.3,100,100,dram_compact,5.0,10.0,2000.0,200.0,1.5,0.5,1.0,0.0,1.0,0.0,0.0,0.0,0.0,0.0,0.0,0.0,2600.0,320.0,0.35,42
109,dataset\train\reference\00109.png,dataset\train\search\00109.png,174.2,58.0,124.2,8.0,100,100,dram_1x,5.0,10.0,2000.0,200.0,1.5,0.5,1.0,0.0,1.0,0.0,0.0,0.0,0.0,0.0,0.0,0.0,2600.0,320.0,0.35,42
110,dataset\train\reference\00110.png,dataset\train\search\00110.png,398.8,866.3,348.8,816.3,100,100,dram_loose,5.0,10.0,2000.0,200.0,1.5,0.5,1.0,0.0,1.0,0.0,0.0,0.0,0.0,0.0,0.0,0.0,2600.0,320.0,0.35,42
111,dataset\train\reference\00111.png,dataset\train\search\00111.png,252.0,148.5,202.0,98.5,100,100,finfet_22nm,5.0,10.0,2000.0,200.0,1.5,0.5,1.0,0.0,1.0,0.0,0.0,0.0,0.0,0.0,0.0,0.0,2600.0,320.0,0.35,42
112,dataset\train\reference\00112.png,dataset\train\search\00112.png,772.6,706.1,722.6,656.1,100,100,finfet_14nm,5.0,10.0,2000.0,200.0,1.5,0.5,1.0,0.0,1.0,0.0,0.0,0.0,0.0,0.0,0.0,0.0,2600.0,320.0,0.35,42
113,dataset\train\reference\00113.png,dataset\train\search\00113.png,552.6,423.2,502.6,373.2,100,100,dram_1x,5.0,10.0,2000.0,200.0,1.5,0.5,1.0,0.0,1.0,0.0,0.0,0.0,0.0,0.0,0.0,0.0,2600.0,320.0,0.35,42
114,dataset\train\reference\00114.png,dataset\train\search\00114.png,717.8,678.6,667.8,628.6,100,100,dram_loose,5.0,10.0,2000.0,200.0,1.5,0.5,1.0,0.0,1.0,0.0,0.0,0.0,0.0,0.0,0.0,0.0,2600.0,320.0,0.35,42
115,dataset\train\reference\00115.png,dataset\train\search\00115.png,704.4,555.0,654.4,505.0,100,100,dram_loose,5.0,10.0,2000.0,200.0,1.5,0.5,1.0,0.0,1.0,0.0,0.0,0.0,0.0,0.0,0.0,0.0,2600.0,320.0,0.35,42
116,dataset\train\reference\00116.png,dataset\train\search\00116.png,278.9,550.4,228.9,500.4,100,100,finfet_7nm,5.0,10.0,2000.0,200.0,1.5,0.5,1.0,0.0,1.0,0.0,0.0,0.0,0.0,0.0,0.0,0.0,2600.0,320.0,0.35,42
117,dataset\train\reference\00117.png,dataset\train\search\00117.png,566.7,835.5,516.7,785.5,100,100,dram_wide,5.0,10.0,2000.0,200.0,1.5,0.5,1.0,0.0,1.0,0.0,0.0,0.0,0.0,0.0,0.0,0.0,2600.0,320.0,0.35,42
118,dataset\train\reference\00118.png,dataset\train\search\00118.png,650.1,872.5,600.1,822.5,100,100,finfet_45nm,5.0,10.0,2000.0,200.0,1.5,0.5,1.0,0.0,1.0,0.0,0.0,0.0,0.0,0.0,0.0,0.0,2600.0,320.0,0.35,42
119,dataset\train\reference\00119.png,dataset\train\search\00119.png,301.3,804.8,251.3,754.8,100,100,dram_loose,5.0,10.0,2000.0,200.0,1.5,0.5,1.0,0.0,1.0,0.0,0.0,0.0,0.0,0.0,0.0,0.0,2600.0,320.0,0.35,42
120,dataset\train\reference\00120.png,dataset\train\search\00120.png,620.9,788.9,570.9,738.9,100,100,dram_legacy,5.0,10.0,2000.0,200.0,1.5,0.5,1.0,0.0,1.0,0.0,0.0,0.0,0.0,0.0,0.0,0.0,2600.0,320.0,0.35,42
121,dataset\train\reference\00121.png,dataset\train\search\00121.png,310.2,125.7,260.2,75.7,100,100,dram_dense,5.0,10.0,2000.0,200.0,1.5,0.5,1.0,0.0,1.0,0.0,0.0,0.0,0.0,0.0,0.0,0.0,2600.0,320.0,0.35,42
122,dataset\train\reference\00122.png,dataset\train\search\00122.png,423.0,572.0,373.0,522.0,100,100,finfet_14nm,5.0,10.0,2000.0,200.0,1.5,0.5,1.0,0.0,1.0,0.0,0.0,0.0,0.0,0.0,0.0,0.0,2600.0,320.0,0.35,42
123,dataset\train\reference\00123.png,dataset\train\search\00123.png,223.8,730.4,173.8,680.4,100,100,dram_1x,5.0,10.0,2000.0,200.0,1.5,0.5,1.0,0.0,1.0,0.0,0.0,0.0,0.0,0.0,0.0,0.0,2600.0,320.0,0.35,42
124,dataset\train\reference\00124.png,dataset\train\search\00124.png,822.9,800.9,772.9,750.9,100,100,finfet_14nm,5.0,10.0,2000.0,200.0,1.5,0.5,1.0,0.0,1.0,0.0,0.0,0.0,0.0,0.0,0.0,0.0,2600.0,320.0,0.35,42
125,dataset\train\reference\00125.png,dataset\train\search\00125.png,447.2,161.8,397.2,111.8,100,100,finfet_45nm,5.0,10.0,2000.0,200.0,1.5,0.5,1.0,0.0,1.0,0.0,0.0,0.0,0.0,0.0,0.0,0.0,2600.0,320.0,0.35,42
126,dataset\train\reference\00126.png,dataset\train\search\00126.png,737.6,282.0,687.6,232.0,100,100,finfet_14nm,5.0,10.0,2000.0,200.0,1.5,0.5,1.0,0.0,1.0,0.0,0.0,0.0,0.0,0.0,0.0,0.0,2600.0,320.0,0.35,42
127,dataset\train\reference\00127.png,dataset\train\search\00127.png,912.1,367.1,862.1,317.1,100,100,finfet_14nm,5.0,10.0,2000.0,200.0,1.5,0.5,1.0,0.0,1.0,0.0,0.0,0.0,0.0,0.0,0.0,0.0,2600.0,320.0,0.35,42
128,dataset\train\reference\00128.png,dataset\train\search\00128.png,671.5,634.5,621.5,584.5,100,100,finfet_10nm,5.0,10.0,2000.0,200.0,1.5,0.5,1.0,0.0,1.0,0.0,0.0,0.0,0.0,0.0,0.0,0.0,2600.0,320.0,0.35,42
129,dataset\train\reference\00129.png,dataset\train\search\00129.png,253.8,131.7,203.8,81.7,100,100,finfet_7nm,5.0,10.0,2000.0,200.0,1.5,0.5,1.0,0.0,1.0,0.0,0.0,0.0,0.0,0.0,0.0,0.0,2600.0,320.0,0.35,42
130,dataset\train\reference\00130.png,dataset\train\search\00130.png,889.5,929.8,839.5,879.8,100,100,dram_legacy,5.0,10.0,2000.0,200.0,1.5,0.5,1.0,0.0,1.0,0.0,0.0,0.0,0.0,0.0,0.0,0.0,2600.0,320.0,0.35,42
131,dataset\train\reference\00131.png,dataset\train\search\00131.png,690.1,551.1,640.1,501.1,100,100,finfet_22nm,5.0,10.0,2000.0,200.0,1.5,0.5,1.0,0.0,1.0,0.0,0.0,0.0,0.0,0.0,0.0,0.0,2600.0,320.0,0.35,42
132,dataset\train\reference\00132.png,dataset\train\search\00132.png,689.2,265.8,639.2,215.8,100,100,dram_1x,5.0,10.0,2000.0,200.0,1.5,0.5,1.0,0.0,1.0,0.0,0.0,0.0,0.0,0.0,0.0,0.0,2600.0,320.0,0.35,42
133,dataset\train\reference\00133.png,dataset\train\search\00133.png,853.9,696.7,803.9,646.7,100,100,finfet_45nm,5.0,10.0,2000.0,200.0,1.5,0.5,1.0,0.0,1.0,0.0,0.0,0.0,0.0,0.0,0.0,0.0,2600.0,320.0,0.35,42
134,dataset\train\reference\00134.png,dataset\train\search\00134.png,909.9,318.0,859.9,268.0,100,100,finfet_7nm,5.0,10.0,2000.0,200.0,1.5,0.5,1.0,0.0,1.0,0.0,0.0,0.0,0.0,0.0,0.0,0.0,2600.0,320.0,0.35,42
135,dataset\train\reference\00135.png,dataset\train\search\00135.png,869.3,546.7,819.3,496.7,100,100,dram_dense,5.0,10.0,2000.0,200.0,1.5,0.5,1.0,0.0,1.0,0.0,0.0,0.0,0.0,0.0,0.0,0.0,2600.0,320.0,0.35,42
136,dataset\train\reference\00136.png,dataset\train\search\00136.png,115.5,113.8,65.5,63.8,100,100,dram_dense,5.0,10.0,2000.0,200.0,1.5,0.5,1.0,0.0,1.0,0.0,0.0,0.0,0.0,0.0,0.0,0.0,2600.0,320.0,0.35,42
137,dataset\train\reference\00137.png,dataset\train\search\00137.png,560.5,274.2,510.5,224.2,100,100,finfet_7nm,5.0,10.0,2000.0,200.0,1.5,0.5,1.0,0.0,1.0,0.0,0.0,0.0,0.0,0.0,0.0,0.0,2600.0,320.0,0.35,42
138,dataset\train\reference\00138.png,dataset\train\search\00138.png,617.3,347.2,567.3,297.2,100,100,dram_legacy,5.0,10.0,2000.0,200.0,1.5,0.5,1.0,0.0,1.0,0.0,0.0,0.0,0.0,0.0,0.0,0.0,2600.0,320.0,0.35,42
139,dataset\train\reference\00139.png,dataset\train\search\00139.png,945.4,591.3,895.4,541.3,100,100,dram_legacy,5.0,10.0,2000.0,200.0,1.5,0.5,1.0,0.0,1.0,0.0,0.0,0.0,0.0,0.0,0.0,0.0,2600.0,320.0,0.35,42
140,dataset\train\reference\00140.png,dataset\train\search\00140.png,879.7,932.0,829.7,882.0,100,100,finfet_10nm,5.0,10.0,2000.0,200.0,1.5,0.5,1.0,0.0,1.0,0.0,0.0,0.0,0.0,0.0,0.0,0.0,2600.0,320.0,0.35,42
141,dataset\train\reference\00141.png,dataset\train\search\00141.png,287.4,733.9,237.4,683.9,100,100,dram_legacy,5.0,10.0,2000.0,200.0,1.5,0.5,1.0,0.0,1.0,0.0,0.0,0.0,0.0,0.0,0.0,0.0,2600.0,320.0,0.35,42
142,dataset\train\reference\00142.png,dataset\train\search\00142.png,220.0,295.4,170.0,245.4,100,100,finfet_45nm,5.0,10.0,2000.0,200.0,1.5,0.5,1.0,0.0,1.0,0.0,0.0,0.0,0.0,0.0,0.0,0.0,2600.0,320.0,0.35,42
143,dataset\train\reference\00143.png,dataset\train\search\00143.png,267.6,411.4,217.6,361.4,100,100,dram_legacy,5.0,10.0,2000.0,200.0,1.5,0.5,1.0,0.0,1.0,0.0,0.0,0.0,0.0,0.0,0.0,0.0,2600.0,320.0,0.35,42
144,dataset\train\reference\00144.png,dataset\train\search\00144.png,554.1,859.1,504.1,809.1,100,100,finfet_14nm,5.0,10.0,2000.0,200.0,1.5,0.5,1.0,0.0,1.0,0.0,0.0,0.0,0.0,0.0,0.0,0.0,2600.0,320.0,0.35,42
145,dataset\train\reference\00145.png,dataset\train\search\00145.png,370.3,684.0,320.3,634.0,100,100,dram_wide,5.0,10.0,2000.0,200.0,1.5,0.5,1.0,0.0,1.0,0.0,0.0,0.0,0.0,0.0,0.0,0.0,2600.0,320.0,0.35,42
146,dataset\train\reference\00146.png,dataset\train\search\00146.png,802.6,453.0,752.6,403.0,100,100,finfet_10nm,5.0,10.0,2000.0,200.0,1.5,0.5,1.0,0.0,1.0,0.0,0.0,0.0,0.0,0.0,0.0,0.0,2600.0,320.0,0.35,42
147,dataset\train\reference\00147.png,dataset\train\search\00147.png,283.7,439.7,233.7,389.7,100,100,finfet_10nm,5.0,10.0,2000.0,200.0,1.5,0.5,1.0,0.0,1.0,0.0,0.0,0.0,0.0,0.0,0.0,0.0,2600.0,320.0,0.35,42
148,dataset\train\reference\00148.png,dataset\train\search\00148.png,407.5,773.9,357.5,723.9,100,100,dram_wide,5.0,10.0,2000.0,200.0,1.5,0.5,1.0,0.0,1.0,0.0,0.0,0.0,0.0,0.0,0.0,0.0,2600.0,320.0,0.35,42
149,dataset\train\reference\00149.png,dataset\train\search\00149.png,581.3,839.6,531.3,789.6,100,100,finfet_14nm,5.0,10.0,2000.0,200.0,1.5,0.5,1.0,0.0,1.0,0.0,0.0,0.0,0.0,0.0,0.0,0.0,2600.0,320.0,0.35,42
150,dataset\train\reference\00150.png,dataset\train\search\00150.png,219.9,482.4,169.9,432.4,100,100,finfet_10nm,5.0,10.0,2000.0,200.0,1.5,0.5,1.0,0.0,1.0,0.0,0.0,0.0,0.0,0.0,0.0,0.0,2600.0,320.0,0.35,42
151,dataset\train\reference\00151.png,dataset\train\search\00151.png,487.4,86.9,437.4,36.9,100,100,dram_legacy,5.0,10.0,2000.0,200.0,1.5,0.5,1.0,0.0,1.0,0.0,0.0,0.0,0.0,0.0,0.0,0.0,2600.0,320.0,0.35,42
152,dataset\train\reference\00152.png,dataset\train\search\00152.png,146.9,553.8,96.9,503.8,100,100,finfet_7nm,5.0,10.0,2000.0,200.0,1.5,0.5,1.0,0.0,1.0,0.0,0.0,0.0,0.0,0.0,0.0,0.0,2600.0,320.0,0.35,42
153,dataset\train\reference\00153.png,dataset\train\search\00153.png,267.4,565.7,217.4,515.7,100,100,finfet_28nm,5.0,10.0,2000.0,200.0,1.5,0.5,1.0,0.0,1.0,0.0,0.0,0.0,0.0,0.0,0.0,0.0,2600.0,320.0,0.35,42
154,dataset\train\reference\00154.png,dataset\train\search\00154.png,96.8,895.4,46.8,845.4,100,100,dram_loose,5.0,10.0,2000.0,200.0,1.5,0.5,1.0,0.0,1.0,0.0,0.0,0.0,0.0,0.0,0.0,0.0,2600.0,320.0,0.35,42
155,dataset\train\reference\00155.png,dataset\train\search\00155.png,248.3,879.7,198.3,829.7,100,100,dram_legacy,5.0,10.0,2000.0,200.0,1.5,0.5,1.0,0.0,1.0,0.0,0.0,0.0,0.0,0.0,0.0,0.0,2600.0,320.0,0.35,42
156,dataset\train\reference\00156.png,dataset\train\search\00156.png,177.2,543.2,127.2,493.2,100,100,finfet_10nm,5.0,10.0,2000.0,200.0,1.5,0.5,1.0,0.0,1.0,0.0,0.0,0.0,0.0,0.0,0.0,0.0,2600.0,320.0,0.35,42
157,dataset\train\reference\00157.png,dataset\train\search\00157.png,301.0,137.0,251.0,87.0,100,100,finfet_14nm,5.0,10.0,2000.0,200.0,1.5,0.5,1.0,0.0,1.0,0.0,0.0,0.0,0.0,0.0,0.0,0.0,2600.0,320.0,0.35,42
158,dataset\train\reference\00158.png,dataset\train\search\00158.png,883.9,109.0,833.9,59.0,100,100,finfet_10nm,5.0,10.0,2000.0,200.0,1.5,0.5,1.0,0.0,1.0,0.0,0.0,0.0,0.0,0.0,0.0,0.0,2600.0,320.0,0.35,42
159,dataset\train\reference\00159.png,dataset\train\search\00159.png,834.5,642.3,784.5,592.3,100,100,dram_compact,5.0,10.0,2000.0,200.0,1.5,0.5,1.0,0.0,1.0,0.0,0.0,0.0,0.0,0.0,0.0,0.0,2600.0,320.0,0.35,42
160,dataset\train\reference\00160.png,dataset\train\search\00160.png,287.1,552.1,237.1,502.1,100,100,finfet_22nm,5.0,10.0,2000.0,200.0,1.5,0.5,1.0,0.0,1.0,0.0,0.0,0.0,0.0,0.0,0.0,0.0,2600.0,320.0,0.35,42
161,dataset\train\reference\00161.png,dataset\train\search\00161.png,651.5,536.1,601.5,486.1,100,100,dram_1x,5.0,10.0,2000.0,200.0,1.5,0.5,1.0,0.0,1.0,0.0,0.0,0.0,0.0,0.0,0.0,0.0,2600.0,320.0,0.35,42
162,dataset\train\reference\00162.png,dataset\train\search\00162.png,60.3,605.7,10.3,555.7,100,100,finfet_10nm,5.0,10.0,2000.0,200.0,1.5,0.5,1.0,0.0,1.0,0.0,0.0,0.0,0.0,0.0,0.0,0.0,2600.0,320.0,0.35,42
163,dataset\train\reference\00163.png,dataset\train\search\00163.png,479.6,235.0,429.6,185.0,100,100,dram_loose,5.0,10.0,2000.0,200.0,1.5,0.5,1.0,0.0,1.0,0.0,0.0,0.0,0.0,0.0,0.0,0.0,2600.0,320.0,0.35,42
164,dataset\train\reference\00164.png,dataset\train\search\00164.png,874.9,785.5,824.9,735.5,100,100,finfet_45nm,5.0,10.0,2000.0,200.0,1.5,0.5,1.0,0.0,1.0,0.0,0.0,0.0,0.0,0.0,0.0,0.0,2600.0,320.0,0.35,42
165,dataset\train\reference\00165.png,dataset\train\search\00165.png,847.8,698.1,797.8,648.1,100,100,dram_dense,5.0,10.0,2000.0,200.0,1.5,0.5,1.0,0.0,1.0,0.0,0.0,0.0,0.0,0.0,0.0,0.0,2600.0,320.0,0.35,42
166,dataset\train\reference\00166.png,dataset\train\search\00166.png,666.4,496.2,616.4,446.2,100,100,finfet_14nm,5.0,10.0,2000.0,200.0,1.5,0.5,1.0,0.0,1.0,0.0,0.0,0.0,0.0,0.0,0.0,0.0,2600.0,320.0,0.35,42
167,dataset\train\reference\00167.png,dataset\train\search\00167.png,734.5,431.4,684.5,381.4,100,100,dram_dense,5.0,10.0,2000.0,200.0,1.5,0.5,1.0,0.0,1.0,0.0,0.0,0.0,0.0,0.0,0.0,0.0,2600.0,320.0,0.35,42
168,dataset\train\reference\00168.png,dataset\train\search\00168.png,589.4,424.4,539.4,374.4,100,100,finfet_10nm,5.0,10.0,2000.0,200.0,1.5,0.5,1.0,0.0,1.0,0.0,0.0,0.0,0.0,0.0,0.0,0.0,2600.0,320.0,0.35,42
169,dataset\train\reference\00169.png,dataset\train\search\00169.png,863.6,470.7,813.6,420.7,100,100,finfet_45nm,5.0,10.0,2000.0,200.0,1.5,0.5,1.0,0.0,1.0,0.0,0.0,0.0,0.0,0.0,0.0,0.0,2600.0,320.0,0.35,42
170,dataset\train\reference\00170.png,dataset\train\search\00170.png,503.5,795.3,453.5,745.3,100,100,dram_dense,5.0,10.0,2000.0,200.0,1.5,0.5,1.0,0.0,1.0,0.0,0.0,0.0,0.0,0.0,0.0,0.0,2600.0,320.0,0.35,42
171,dataset\train\reference\00171.png,dataset\train\search\00171.png,431.9,442.0,381.9,392.0,100,100,dram_1x,5.0,10.0,2000.0,200.0,1.5,0.5,1.0,0.0,1.0,0.0,0.0,0.0,0.0,0.0,0.0,0.0,2600.0,320.0,0.35,42
172,dataset\train\reference\00172.png,dataset\train\search\00172.png,287.3,130.2,237.3,80.2,100,100,dram_1x,5.0,10.0,2000.0,200.0,1.5,0.5,1.0,0.0,1.0,0.0,0.0,0.0,0.0,0.0,0.0,0.0,2600.0,320.0,0.35,42
173,dataset\train\reference\00173.png,dataset\train\search\00173.png,950.0,878.5,900.0,828.5,100,100,dram_wide,5.0,10.0,2000.0,200.0,1.5,0.5,1.0,0.0,1.0,0.0,0.0,0.0,0.0,0.0,0.0,0.0,2600.0,320.0,0.35,42
174,dataset\train\reference\00174.png,dataset\train\search\00174.png,269.1,440.1,219.1,390.1,100,100,dram_legacy,5.0,10.0,2000.0,200.0,1.5,0.5,1.0,0.0,1.0,0.0,0.0,0.0,0.0,0.0,0.0,0.0,2600.0,320.0,0.35,42
175,dataset\train\reference\00175.png,dataset\train\search\00175.png,692.5,266.3,642.5,216.3,100,100,dram_legacy,5.0,10.0,2000.0,200.0,1.5,0.5,1.0,0.0,1.0,0.0,0.0,0.0,0.0,0.0,0.0,0.0,2600.0,320.0,0.35,42
176,dataset\train\reference\00176.png,dataset\train\search\00176.png,204.7,315.5,154.7,265.5,100,100,finfet_28nm,5.0,10.0,2000.0,200.0,1.5,0.5,1.0,0.0,1.0,0.0,0.0,0.0,0.0,0.0,0.0,0.0,2600.0,320.0,0.35,42
177,dataset\train\reference\00177.png,dataset\train\search\00177.png,307.4,267.7,257.4,217.7,100,100,finfet_45nm,5.0,10.0,2000.0,200.0,1.5,0.5,1.0,0.0,1.0,0.0,0.0,0.0,0.0,0.0,0.0,0.0,2600.0,320.0,0.35,42
178,dataset\train\reference\00178.png,dataset\train\search\00178.png,529.5,494.1,479.5,444.1,100,100,dram_1x,5.0,10.0,2000.0,200.0,1.5,0.5,1.0,0.0,1.0,0.0,0.0,0.0,0.0,0.0,0.0,0.0,2600.0,320.0,0.35,42
179,dataset\train\reference\00179.png,dataset\train\search\00179.png,260.0,732.4,210.0,682.4,100,100,dram_dense,5.0,10.0,2000.0,200.0,1.5,0.5,1.0,0.0,1.0,0.0,0.0,0.0,0.0,0.0,0.0,0.0,2600.0,320.0,0.35,42
180,dataset\train\reference\00180.png,dataset\train\search\00180.png,285.1,260.0,235.1,210.0,100,100,dram_legacy,5.0,10.0,2000.0,200.0,1.5,0.5,1.0,0.0,1.0,0.0,0.0,0.0,0.0,0.0,0.0,0.0,2600.0,320.0,0.35,42
181,dataset\train\reference\00181.png,dataset\train\search\00181.png,97.8,871.6,47.8,821.6,100,100,dram_dense,5.0,10.0,2000.0,200.0,1.5,0.5,1.0,0.0,1.0,0.0,0.0,0.0,0.0,0.0,0.0,0.0,2600.0,320.0,0.35,42
182,dataset\train\reference\00182.png,dataset\train\search\00182.png,719.9,661.7,669.9,611.7,100,100,dram_dense,5.0,10.0,2000.0,200.0,1.5,0.5,1.0,0.0,1.0,0.0,0.0,0.0,0.0,0.0,0.0,0.0,2600.0,320.0,0.35,42
183,dataset\train\reference\00183.png,dataset\train\search\00183.png,575.6,728.5,525.6,678.5,100,100,finfet_22nm,5.0,10.0,2000.0,200.0,1.5,0.5,1.0,0.0,1.0,0.0,0.0,0.0,0.0,0.0,0.0,0.0,2600.0,320.0,0.35,42
184,dataset\train\reference\00184.png,dataset\train\search\00184.png,848.1,871.1,798.1,821.1,100,100,dram_legacy,5.0,10.0,2000.0,200.0,1.5,0.5,1.0,0.0,1.0,0.0,0.0,0.0,0.0,0.0,0.0,0.0,2600.0,320.0,0.35,42
185,dataset\train\reference\00185.png,dataset\train\search\00185.png,411.7,63.3,361.7,13.3,100,100,dram_1x,5.0,10.0,2000.0,200.0,1.5,0.5,1.0,0.0,1.0,0.0,0.0,0.0,0.0,0.0,0.0,0.0,2600.0,320.0,0.35,42
186,dataset\train\reference\00186.png,dataset\train\search\00186.png,678.3,578.7,628.3,528.7,100,100,finfet_22nm,5.0,10.0,2000.0,200.0,1.5,0.5,1.0,0.0,1.0,0.0,0.0,0.0,0.0,0.0,0.0,0.0,2600.0,320.0,0.35,42
187,dataset\train\reference\00187.png,dataset\train\search\00187.png,717.3,850.4,667.3,800.4,100,100,finfet_45nm,5.0,10.0,2000.0,200.0,1.5,0.5,1.0,0.0,1.0,0.0,0.0,0.0,0.0,0.0,0.0,0.0,2600.0,320.0,0.35,42
188,dataset\train\reference\00188.png,dataset\train\search\00188.png,571.4,270.6,521.4,220.6,100,100,dram_wide,5.0,10.0,2000.0,200.0,1.5,0.5,1.0,0.0,1.0,0.0,0.0,0.0,0.0,0.0,0.0,0.0,2600.0,320.0,0.35,42
189,dataset\train\reference\00189.png,dataset\train\search\00189.png,661.5,535.0,611.5,485.0,100,100,dram_1x,5.0,10.0,2000.0,200.0,1.5,0.5,1.0,0.0,1.0,0.0,0.0,0.0,0.0,0.0,0.0,0.0,2600.0,320.0,0.35,42
190,dataset\train\reference\00190.png,dataset\train\search\00190.png,616.4,748.2,566.4,698.2,100,100,dram_legacy,5.0,10.0,2000.0,200.0,1.5,0.5,1.0,0.0,1.0,0.0,0.0,0.0,0.0,0.0,0.0,0.0,2600.0,320.0,0.35,42
191,dataset\train\reference\00191.png,dataset\train\search\00191.png,841.2,121.5,791.2,71.5,100,100,finfet_14nm,5.0,10.0,2000.0,200.0,1.5,0.5,1.0,0.0,1.0,0.0,0.0,0.0,0.0,0.0,0.0,0.0,2600.0,320.0,0.35,42
192,dataset\train\reference\00192.png,dataset\train\search\00192.png,500.7,795.5,450.7,745.5,100,100,dram_legacy,5.0,10.0,2000.0,200.0,1.5,0.5,1.0,0.0,1.0,0.0,0.0,0.0,0.0,0.0,0.0,0.0,2600.0,320.0,0.35,42
193,dataset\train\reference\00193.png,dataset\train\search\00193.png,841.5,402.7,791.5,352.7,100,100,dram_compact,5.0,10.0,2000.0,200.0,1.5,0.5,1.0,0.0,1.0,0.0,0.0,0.0,0.0,0.0,0.0,0.0,2600.0,320.0,0.35,42
194,dataset\train\reference\00194.png,dataset\train\search\00194.png,840.4,246.2,790.4,196.2,100,100,dram_loose,5.0,10.0,2000.0,200.0,1.5,0.5,1.0,0.0,1.0,0.0,0.0,0.0,0.0,0.0,0.0,0.0,2600.0,320.0,0.35,42
195,dataset\train\reference\00195.png,dataset\train\search\00195.png,880.4,252.6,830.4,202.6,100,100,finfet_28nm,5.0,10.0,2000.0,200.0,1.5,0.5,1.0,0.0,1.0,0.0,0.0,0.0,0.0,0.0,0.0,0.0,2600.0,320.0,0.35,42
196,dataset\train\reference\00196.png,dataset\train\search\00196.png,688.7,106.2,638.7,56.2,100,100,dram_compact,5.0,10.0,2000.0,200.0,1.5,0.5,1.0,0.0,1.0,0.0,0.0,0.0,0.0,0.0,0.0,0.0,2600.0,320.0,0.35,42
197,dataset\train\reference\00197.png,dataset\train\search\00197.png,532.6,454.4,482.6,404.4,100,100,dram_dense,5.0,10.0,2000.0,200.0,1.5,0.5,1.0,0.0,1.0,0.0,0.0,0.0,0.0,0.0,0.0,0.0,2600.0,320.0,0.35,42
198,dataset\train\reference\00198.png,dataset\train\search\00198.png,258.7,296.0,208.7,246.0,100,100,dram_compact,5.0,10.0,2000.0,200.0,1.5,0.5,1.0,0.0,1.0,0.0,0.0,0.0,0.0,0.0,0.0,0.0,2600.0,320.0,0.35,42
199,dataset\train\reference\00199.png,dataset\train\search\00199.png,125.1,458.2,75.1,408.2,100,100,finfet_14nm,5.0,10.0,2000.0,200.0,1.5,0.5,1.0,0.0,1.0,0.0,0.0,0.0,0.0,0.0,0.0,0.0,2600.0,320.0,0.35,42
200,dataset\train\reference\00200.png,dataset\train\search\00200.png,729.3,876.2,679.3,826.2,100,100,dram_compact,5.0,10.0,2000.0,200.0,1.5,0.5,1.0,0.0,1.0,0.0,0.0,0.0,0.0,0.0,0.0,0.0,2600.0,320.0,0.35,42
201,dataset\train\reference\00201.png,dataset\train\search\00201.png,862.4,554.7,812.4,504.7,100,100,dram_loose,5.0,10.0,2000.0,200.0,1.5,0.5,1.0,0.0,1.0,0.0,0.0,0.0,0.0,0.0,0.0,0.0,2600.0,320.0,0.35,42
202,dataset\train\reference\00202.png,dataset\train\search\00202.png,150.4,192.4,100.4,142.4,100,100,finfet_14nm,5.0,10.0,2000.0,200.0,1.5,0.5,1.0,0.0,1.0,0.0,0.0,0.0,0.0,0.0,0.0,0.0,2600.0,320.0,0.35,42
203,dataset\train\reference\00203.png,dataset\train\search\00203.png,875.6,556.3,825.6,506.3,100,100,finfet_10nm,5.0,10.0,2000.0,200.0,1.5,0.5,1.0,0.0,1.0,0.0,0.0,0.0,0.0,0.0,0.0,0.0,2600.0,320.0,0.35,42
204,dataset\train\reference\00204.png,dataset\train\search\00204.png,427.8,615.0,377.8,565.0,100,100,dram_legacy,5.0,10.0,2000.0,200.0,1.5,0.5,1.0,0.0,1.0,0.0,0.0,0.0,0.0,0.0,0.0,0.0,2600.0,320.0,0.35,42
205,dataset\train\reference\00205.png,dataset\train\search\00205.png,284.3,941.4,234.3,891.4,100,100,dram_legacy,5.0,10.0,2000.0,200.0,1.5,0.5,1.0,0.0,1.0,0.0,0.0,0.0,0.0,0.0,0.0,0.0,2600.0,320.0,0.35,42
206,dataset\train\reference\00206.png,dataset\train\search\00206.png,936.8,263.5,886.8,213.5,100,100,finfet_45nm,5.0,10.0,2000.0,200.0,1.5,0.5,1.0,0.0,1.0,0.0,0.0,0.0,0.0,0.0,0.0,0.0,2600.0,320.0,0.35,42
207,dataset\train\reference\00207.png,dataset\train\search\00207.png,270.6,950.0,220.6,900.0,100,100,dram_compact,5.0,10.0,2000.0,200.0,1.5,0.5,1.0,0.0,1.0,0.0,0.0,0.0,0.0,0.0,0.0,0.0,2600.0,320.0,0.35,42
208,dataset\train\reference\00208.png,dataset\train\search\00208.png,465.7,740.9,415.7,690.9,100,100,finfet_22nm,5.0,10.0,2000.0,200.0,1.5,0.5,1.0,0.0,1.0,0.0,0.0,0.0,0.0,0.0,0.0,0.0,2600.0,320.0,0.35,42
209,dataset\train\reference\00209.png,dataset\train\search\00209.png,798.7,61.1,748.7,11.1,100,100,finfet_28nm,5.0,10.0,2000.0,200.0,1.5,0.5,1.0,0.0,1.0,0.0,0.0,0.0,0.0,0.0,0.0,0.0,2600.0,320.0,0.35,42
210,dataset\train\reference\00210.png,dataset\train\search\00210.png,453.6,473.4,403.6,423.4,100,100,dram_dense,5.0,10.0,2000.0,200.0,1.5,0.5,1.0,0.0,1.0,0.0,0.0,0.0,0.0,0.0,0.0,0.0,2600.0,320.0,0.35,42
211,dataset\train\reference\00211.png,dataset\train\search\00211.png,931.8,274.4,881.8,224.4,100,100,finfet_14nm,5.0,10.0,2000.0,200.0,1.5,0.5,1.0,0.0,1.0,0.0,0.0,0.0,0.0,0.0,0.0,0.0,2600.0,320.0,0.35,42
212,dataset\train\reference\00212.png,dataset\train\search\00212.png,608.9,768.3,558.9,718.3,100,100,dram_1x,5.0,10.0,2000.0,200.0,1.5,0.5,1.0,0.0,1.0,0.0,0.0,0.0,0.0,0.0,0.0,0.0,2600.0,320.0,0.35,42
213,dataset\train\reference\00213.png,dataset\train\search\00213.png,932.8,184.8,882.8,134.8,100,100,finfet_7nm,5.0,10.0,2000.0,200.0,1.5,0.5,1.0,0.0,1.0,0.0,0.0,0.0,0.0,0.0,0.0,0.0,2600.0,320.0,0.35,42
214,dataset\train\reference\00214.png,dataset\train\search\00214.png,230.1,184.6,180.1,134.6,100,100,dram_wide,5.0,10.0,2000.0,200.0,1.5,0.5,1.0,0.0,1.0,0.0,0.0,0.0,0.0,0.0,0.0,0.0,2600.0,320.0,0.35,42
215,dataset\train\reference\00215.png,dataset\train\search\00215.png,664.7,303.8,614.7,253.8,100,100,dram_wide,5.0,10.0,2000.0,200.0,1.5,0.5,1.0,0.0,1.0,0.0,0.0,0.0,0.0,0.0,0.0,0.0,2600.0,320.0,0.35,42
216,dataset\train\reference\00216.png,dataset\train\search\00216.png,802.5,416.8,752.5,366.8,100,100,dram_wide,5.0,10.0,2000.0,200.0,1.5,0.5,1.0,0.0,1.0,0.0,0.0,0.0,0.0,0.0,0.0,0.0,2600.0,320.0,0.35,42
217,dataset\train\reference\00217.png,dataset\train\search\00217.png,609.6,254.9,559.6,204.9,100,100,dram_loose,5.0,10.0,2000.0,200.0,1.5,0.5,1.0,0.0,1.0,0.0,0.0,0.0,0.0,0.0,0.0,0.0,2600.0,320.0,0.35,42
218,dataset\train\reference\00218.png,dataset\train\search\00218.png,726.7,724.6,676.7,674.6,100,100,dram_loose,5.0,10.0,2000.0,200.0,1.5,0.5,1.0,0.0,1.0,0.0,0.0,0.0,0.0,0.0,0.0,0.0,2600.0,320.0,0.35,42
219,dataset\train\reference\00219.png,dataset\train\search\00219.png,677.9,537.4,627.9,487.4,100,100,finfet_7nm,5.0,10.0,2000.0,200.0,1.5,0.5,1.0,0.0,1.0,0.0,0.0,0.0,0.0,0.0,0.0,0.0,2600.0,320.0,0.35,42
220,dataset\train\reference\00220.png,dataset\train\search\00220.png,879.0,696.4,829.0,646.4,100,100,finfet_28nm,5.0,10.0,2000.0,200.0,1.5,0.5,1.0,0.0,1.0,0.0,0.0,0.0,0.0,0.0,0.0,0.0,2600.0,320.0,0.35,42
221,dataset\train\reference\00221.png,dataset\train\search\00221.png,542.2,431.3,492.2,381.3,100,100,finfet_7nm,5.0,10.0,2000.0,200.0,1.5,0.5,1.0,0.0,1.0,0.0,0.0,0.0,0.0,0.0,0.0,0.0,2600.0,320.0,0.35,42
222,dataset\train\reference\00222.png,dataset\train\search\00222.png,572.2,259.3,522.2,209.3,100,100,dram_loose,5.0,10.0,2000.0,200.0,1.5,0.5,1.0,0.0,1.0,0.0,0.0,0.0,0.0,0.0,0.0,0.0,2600.0,320.0,0.35,42
223,dataset\train\reference\00223.png,dataset\train\search\00223.png,273.0,564.8,223.0,514.8,100,100,finfet_45nm,5.0,10.0,2000.0,200.0,1.5,0.5,1.0,0.0,1.0,0.0,0.0,0.0,0.0,0.0,0.0,0.0,2600.0,320.0,0.35,42
224,dataset\train\reference\00224.png,dataset\train\search\00224.png,325.8,403.0,275.8,353.0,100,100,dram_1x,5.0,10.0,2000.0,200.0,1.5,0.5,1.0,0.0,1.0,0.0,0.0,0.0,0.0,0.0,0.0,0.0,2600.0,320.0,0.35,42
225,dataset\train\reference\00225.png,dataset\train\search\00225.png,357.3,228.3,307.3,178.3,100,100,finfet_22nm,5.0,10.0,2000.0,200.0,1.5,0.5,1.0,0.0,1.0,0.0,0.0,0.0,0.0,0.0,0.0,0.0,2600.0,320.0,0.35,42
226,dataset\train\reference\00226.png,dataset\train\search\00226.png,572.0,762.1,522.0,712.1,100,100,finfet_7nm,5.0,10.0,2000.0,200.0,1.5,0.5,1.0,0.0,1.0,0.0,0.0,0.0,0.0,0.0,0.0,0.0,2600.0,320.0,0.35,42
227,dataset\train\reference\00227.png,dataset\train\search\00227.png,822.8,461.4,772.8,411.4,100,100,finfet_10nm,5.0,10.0,2000.0,200.0,1.5,0.5,1.0,0.0,1.0,0.0,0.0,0.0,0.0,0.0,0.0,0.0,2600.0,320.0,0.35,42
228,dataset\train\reference\00228.png,dataset\train\search\00228.png,733.3,863.0,683.3,813.0,100,100,dram_1x,5.0,10.0,2000.0,200.0,1.5,0.5,1.0,0.0,1.0,0.0,0.0,0.0,0.0,0.0,0.0,0.0,2600.0,320.0,0.35,42
229,dataset\train\reference\00229.png,dataset\train\search\00229.png,922.3,671.6,872.3,621.6,100,100,dram_legacy,5.0,10.0,2000.0,200.0,1.5,0.5,1.0,0.0,1.0,0.0,0.0,0.0,0.0,0.0,0.0,0.0,2600.0,320.0,0.35,42
230,dataset\train\reference\00230.png,dataset\train\search\00230.png,824.4,945.4,774.4,895.4,100,100,dram_legacy,5.0,10.0,2000.0,200.0,1.5,0.5,1.0,0.0,1.0,0.0,0.0,0.0,0.0,0.0,0.0,0.0,2600.0,320.0,0.35,42
231,dataset\train\reference\00231.png,dataset\train\search\00231.png,652.4,254.6,602.4,204.6,100,100,dram_legacy,5.0,10.0,2000.0,200.0,1.5,0.5,1.0,0.0,1.0,0.0,0.0,0.0,0.0,0.0,0.0,0.0,2600.0,320.0,0.35,42
232,dataset\train\reference\00232.png,dataset\train\search\00232.png,921.2,573.8,871.2,523.8,100,100,dram_compact,5.0,10.0,2000.0,200.0,1.5,0.5,1.0,0.0,1.0,0.0,0.0,0.0,0.0,0.0,0.0,0.0,2600.0,320.0,0.35,42
233,dataset\train\reference\00233.png,dataset\train\search\00233.png,299.8,545.7,249.8,495.7,100,100,finfet_22nm,5.0,10.0,2000.0,200.0,1.5,0.5,1.0,0.0,1.0,0.0,0.0,0.0,0.0,0.0,0.0,0.0,2600.0,320.0,0.35,42
234,dataset\train\reference\00234.png,dataset\train\search\00234.png,466.8,895.9,416.8,845.9,100,100,finfet_14nm,5.0,10.0,2000.0,200.0,1.5,0.5,1.0,0.0,1.0,0.0,0.0,0.0,0.0,0.0,0.0,0.0,2600.0,320.0,0.35,42
235,dataset\train\reference\00235.png,dataset\train\search\00235.png,601.2,789.3,551.2,739.3,100,100,dram_1x,5.0,10.0,2000.0,200.0,1.5,0.5,1.0,0.0,1.0,0.0,0.0,0.0,0.0,0.0,0.0,0.0,2600.0,320.0,0.35,42
236,dataset\train\reference\00236.png,dataset\train\search\00236.png,114.6,878.9,64.6,828.9,100,100,finfet_10nm,5.0,10.0,2000.0,200.0,1.5,0.5,1.0,0.0,1.0,0.0,0.0,0.0,0.0,0.0,0.0,0.0,2600.0,320.0,0.35,42
237,dataset\train\reference\00237.png,dataset\train\search\00237.png,336.9,394.3,286.9,344.3,100,100,finfet_22nm,5.0,10.0,2000.0,200.0,1.5,0.5,1.0,0.0,1.0,0.0,0.0,0.0,0.0,0.0,0.0,0.0,2600.0,320.0,0.35,42
238,dataset\train\reference\00238.png,dataset\train\search\00238.png,550.3,640.4,500.3,590.4,100,100,finfet_22nm,5.0,10.0,2000.0,200.0,1.5,0.5,1.0,0.0,1.0,0.0,0.0,0.0,0.0,0.0,0.0,0.0,2600.0,320.0,0.35,42
239,dataset\train\reference\00239.png,dataset\train\search\00239.png,564.7,907.5,514.7,857.5,100,100,finfet_10nm,5.0,10.0,2000.0,200.0,1.5,0.5,1.0,0.0,1.0,0.0,0.0,0.0,0.0,0.0,0.0,0.0,2600.0,320.0,0.35,42
240,dataset\train\reference\00240.png,dataset\train\search\00240.png,795.4,616.8,745.4,566.8,100,100,dram_wide,5.0,10.0,2000.0,200.0,1.5,0.5,1.0,0.0,1.0,0.0,0.0,0.0,0.0,0.0,0.0,0.0,2600.0,320.0,0.35,42
241,dataset\train\reference\00241.png,dataset\train\search\00241.png,125.6,276.1,75.6,226.1,100,100,dram_1x,5.0,10.0,2000.0,200.0,1.5,0.5,1.0,0.0,1.0,0.0,0.0,0.0,0.0,0.0,0.0,0.0,2600.0,320.0,0.35,42
242,dataset\train\reference\00242.png,dataset\train\search\00242.png,633.7,237.4,583.7,187.4,100,100,finfet_7nm,5.0,10.0,2000.0,200.0,1.5,0.5,1.0,0.0,1.0,0.0,0.0,0.0,0.0,0.0,0.0,0.0,2600.0,320.0,0.35,42
243,dataset\train\reference\00243.png,dataset\train\search\00243.png,548.4,282.8,498.4,232.8,100,100,dram_dense,5.0,10.0,2000.0,200.0,1.5,0.5,1.0,0.0,1.0,0.0,0.0,0.0,0.0,0.0,0.0,0.0,2600.0,320.0,0.35,42
244,dataset\train\reference\00244.png,dataset\train\search\00244.png,873.6,549.0,823.6,499.0,100,100,dram_loose,5.0,10.0,2000.0,200.0,1.5,0.5,1.0,0.0,1.0,0.0,0.0,0.0,0.0,0.0,0.0,0.0,2600.0,320.0,0.35,42
245,dataset\train\reference\00245.png,dataset\train\search\00245.png,554.9,583.3,504.9,533.3,100,100,finfet_7nm,5.0,10.0,2000.0,200.0,1.5,0.5,1.0,0.0,1.0,0.0,0.0,0.0,0.0,0.0,0.0,0.0,2600.0,320.0,0.35,42
246,dataset\train\reference\00246.png,dataset\train\search\00246.png,72.7,106.7,22.7,56.7,100,100,finfet_45nm,5.0,10.0,2000.0,200.0,1.5,0.5,1.0,0.0,1.0,0.0,0.0,0.0,0.0,0.0,0.0,0.0,2600.0,320.0,0.35,42
247,dataset\train\reference\00247.png,dataset\train\search\00247.png,549.7,934.9,499.7,884.9,100,100,finfet_7nm,5.0,10.0,2000.0,200.0,1.5,0.5,1.0,0.0,1.0,0.0,0.0,0.0,0.0,0.0,0.0,0.0,2600.0,320.0,0.35,42
248,dataset\train\reference\00248.png,dataset\train\search\00248.png,269.5,356.7,219.5,306.7,100,100,finfet_22nm,5.0,10.0,2000.0,200.0,1.5,0.5,1.0,0.0,1.0,0.0,0.0,0.0,0.0,0.0,0.0,0.0,2600.0,320.0,0.35,42
249,dataset\train\reference\00249.png,dataset\train\search\00249.png,442.8,804.7,392.8,754.7,100,100,dram_1x,5.0,10.0,2000.0,200.0,1.5,0.5,1.0,0.0,1.0,0.0,0.0,0.0,0.0,0.0,0.0,0.0,2600.0,320.0,0.35,42
250,dataset\train\reference\00250.png,dataset\train\search\00250.png,591.1,869.0,541.1,819.0,100,100,dram_dense,5.0,10.0,2000.0,200.0,1.5,0.5,1.0,0.0,1.0,0.0,0.0,0.0,0.0,0.0,0.0,0.0,2600.0,320.0,0.35,42
251,dataset\train\reference\00251.png,dataset\train\search\00251.png,416.5,259.7,366.5,209.7,100,100,dram_legacy,5.0,10.0,2000.0,200.0,1.5,0.5,1.0,0.0,1.0,0.0,0.0,0.0,0.0,0.0,0.0,0.0,2600.0,320.0,0.35,42
252,dataset\train\reference\00252.png,dataset\train\search\00252.png,916.5,795.6,866.5,745.6,100,100,finfet_10nm,5.0,10.0,2000.0,200.0,1.5,0.5,1.0,0.0,1.0,0.0,0.0,0.0,0.0,0.0,0.0,0.0,2600.0,320.0,0.35,42
253,dataset\train\reference\00253.png,dataset\train\search\00253.png,344.1,463.1,294.1,413.1,100,100,dram_dense,5.0,10.0,2000.0,200.0,1.5,0.5,1.0,0.0,1.0,0.0,0.0,0.0,0.0,0.0,0.0,0.0,2600.0,320.0,0.35,42
254,dataset\train\reference\00254.png,dataset\train\search\00254.png,716.2,506.1,666.2,456.1,100,100,dram_legacy,5.0,10.0,2000.0,200.0,1.5,0.5,1.0,0.0,1.0,0.0,0.0,0.0,0.0,0.0,0.0,0.0,2600.0,320.0,0.35,42
255,dataset\train\reference\00255.png,dataset\train\search\00255.png,275.9,916.6,225.9,866.6,100,100,finfet_45nm,5.0,10.0,2000.0,200.0,1.5,0.5,1.0,0.0,1.0,0.0,0.0,0.0,0.0,0.0,0.0,0.0,2600.0,320.0,0.35,42
256,dataset\train\reference\00256.png,dataset\train\search\00256.png,653.6,258.8,603.6,208.8,100,100,dram_legacy,5.0,10.0,2000.0,200.0,1.5,0.5,1.0,0.0,1.0,0.0,0.0,0.0,0.0,0.0,0.0,0.0,2600.0,320.0,0.35,42
257,dataset\train\reference\00257.png,dataset\train\search\00257.png,568.9,747.1,518.9,697.1,100,100,dram_wide,5.0,10.0,2000.0,200.0,1.5,0.5,1.0,0.0,1.0,0.0,0.0,0.0,0.0,0.0,0.0,0.0,2600.0,320.0,0.35,42
258,dataset\train\reference\00258.png,dataset\train\search\00258.png,838.2,808.5,788.2,758.5,100,100,finfet_14nm,5.0,10.0,2000.0,200.0,1.5,0.5,1.0,0.0,1.0,0.0,0.0,0.0,0.0,0.0,0.0,0.0,2600.0,320.0,0.35,42
259,dataset\train\reference\00259.png,dataset\train\search\00259.png,923.5,875.1,873.5,825.1,100,100,finfet_28nm,5.0,10.0,2000.0,200.0,1.5,0.5,1.0,0.0,1.0,0.0,0.0,0.0,0.0,0.0,0.0,0.0,2600.0,320.0,0.35,42
260,dataset\train\reference\00260.png,dataset\train\search\00260.png,871.6,430.8,821.6,380.8,100,100,finfet_7nm,5.0,10.0,2000.0,200.0,1.5,0.5,1.0,0.0,1.0,0.0,0.0,0.0,0.0,0.0,0.0,0.0,2600.0,320.0,0.35,42
261,dataset\train\reference\00261.png,dataset\train\search\00261.png,361.7,844.4,311.7,794.4,100,100,dram_loose,5.0,10.0,2000.0,200.0,1.5,0.5,1.0,0.0,1.0,0.0,0.0,0.0,0.0,0.0,0.0,0.0,2600.0,320.0,0.35,42
262,dataset\train\reference\00262.png,dataset\train\search\00262.png,527.4,541.3,477.4,491.3,100,100,finfet_14nm,5.0,10.0,2000.0,200.0,1.5,0.5,1.0,0.0,1.0,0.0,0.0,0.0,0.0,0.0,0.0,0.0,2600.0,320.0,0.35,42
263,dataset\train\reference\00263.png,dataset\train\search\00263.png,422.6,569.1,372.6,519.1,100,100,dram_compact,5.0,10.0,2000.0,200.0,1.5,0.5,1.0,0.0,1.0,0.0,0.0,0.0,0.0,0.0,0.0,0.0,2600.0,320.0,0.35,42
264,dataset\train\reference\00264.png,dataset\train\search\00264.png,555.3,720.2,505.3,670.2,100,100,dram_wide,5.0,10.0,2000.0,200.0,1.5,0.5,1.0,0.0,1.0,0.0,0.0,0.0,0.0,0.0,0.0,0.0,2600.0,320.0,0.35,42
265,dataset\train\reference\00265.png,dataset\train\search\00265.png,510.5,685.7,460.5,635.7,100,100,finfet_45nm,5.0,10.0,2000.0,200.0,1.5,0.5,1.0,0.0,1.0,0.0,0.0,0.0,0.0,0.0,0.0,0.0,2600.0,320.0,0.35,42
266,dataset\train\reference\00266.png,dataset\train\search\00266.png,91.7,355.9,41.7,305.9,100,100,dram_legacy,5.0,10.0,2000.0,200.0,1.5,0.5,1.0,0.0,1.0,0.0,0.0,0.0,0.0,0.0,0.0,0.0,2600.0,320.0,0.35,42
267,dataset\train\reference\00267.png,dataset\train\search\00267.png,792.7,808.2,742.7,758.2,100,100,finfet_45nm,5.0,10.0,2000.0,200.0,1.5,0.5,1.0,0.0,1.0,0.0,0.0,0.0,0.0,0.0,0.0,0.0,2600.0,320.0,0.35,42
268,dataset\train\reference\00268.png,dataset\train\search\00268.png,496.9,519.6,446.9,469.6,100,100,dram_compact,5.0,10.0,2000.0,200.0,1.5,0.5,1.0,0.0,1.0,0.0,0.0,0.0,0.0,0.0,0.0,0.0,2600.0,320.0,0.35,42
269,dataset\train\reference\00269.png,dataset\train\search\00269.png,738.0,567.6,688.0,517.6,100,100,dram_compact,5.0,10.0,2000.0,200.0,1.5,0.5,1.0,0.0,1.0,0.0,0.0,0.0,0.0,0.0,0.0,0.0,2600.0,320.0,0.35,42
270,dataset\train\reference\00270.png,dataset\train\search\00270.png,839.8,311.7,789.8,261.7,100,100,dram_dense,5.0,10.0,2000.0,200.0,1.5,0.5,1.0,0.0,1.0,0.0,0.0,0.0,0.0,0.0,0.0,0.0,2600.0,320.0,0.35,42
271,dataset\train\reference\00271.png,dataset\train\search\00271.png,215.8,578.5,165.8,528.5,100,100,dram_loose,5.0,10.0,2000.0,200.0,1.5,0.5,1.0,0.0,1.0,0.0,0.0,0.0,0.0,0.0,0.0,0.0,2600.0,320.0,0.35,42
272,dataset\train\reference\00272.png,dataset\train\search\00272.png,532.7,912.6,482.7,862.6,100,100,dram_compact,5.0,10.0,2000.0,200.0,1.5,0.5,1.0,0.0,1.0,0.0,0.0,0.0,0.0,0.0,0.0,0.0,2600.0,320.0,0.35,42
273,dataset\train\reference\00273.png,dataset\train\search\00273.png,750.3,615.7,700.3,565.7,100,100,dram_wide,5.0,10.0,2000.0,200.0,1.5,0.5,1.0,0.0,1.0,0.0,0.0,0.0,0.0,0.0,0.0,0.0,2600.0,320.0,0.35,42
274,dataset\train\reference\00274.png,dataset\train\search\00274.png,856.1,123.6,806.1,73.6,100,100,dram_wide,5.0,10.0,2000.0,200.0,1.5,0.5,1.0,0.0,1.0,0.0,0.0,0.0,0.0,0.0,0.0,0.0,2600.0,320.0,0.35,42
275,dataset\train\reference\00275.png,dataset\train\search\00275.png,943.4,292.9,893.4,242.9,100,100,finfet_14nm,5.0,10.0,2000.0,200.0,1.5,0.5,1.0,0.0,1.0,0.0,0.0,0.0,0.0,0.0,0.0,0.0,2600.0,320.0,0.35,42
276,dataset\train\reference\00276.png,dataset\train\search\00276.png,921.3,485.9,871.3,435.9,100,100,dram_1x,5.0,10.0,2000.0,200.0,1.5,0.5,1.0,0.0,1.0,0.0,0.0,0.0,0.0,0.0,0.0,0.0,2600.0,320.0,0.35,42
277,dataset\train\reference\00277.png,dataset\train\search\00277.png,650.2,75.7,600.2,25.7,100,100,dram_legacy,5.0,10.0,2000.0,200.0,1.5,0.5,1.0,0.0,1.0,0.0,0.0,0.0,0.0,0.0,0.0,0.0,2600.0,320.0,0.35,42
278,dataset\train\reference\00278.png,dataset\train\search\00278.png,406.3,145.9,356.3,95.9,100,100,dram_1x,5.0,10.0,2000.0,200.0,1.5,0.5,1.0,0.0,1.0,0.0,0.0,0.0,0.0,0.0,0.0,0.0,2600.0,320.0,0.35,42
279,dataset\train\reference\00279.png,dataset\train\search\00279.png,863.6,138.9,813.6,88.9,100,100,finfet_28nm,5.0,10.0,2000.0,200.0,1.5,0.5,1.0,0.0,1.0,0.0,0.0,0.0,0.0,0.0,0.0,0.0,2600.0,320.0,0.35,42
280,dataset\train\reference\00280.png,dataset\train\search\00280.png,188.4,847.7,138.4,797.7,100,100,finfet_45nm,5.0,10.0,2000.0,200.0,1.5,0.5,1.0,0.0,1.0,0.0,0.0,0.0,0.0,0.0,0.0,0.0,2600.0,320.0,0.35,42
281,dataset\train\reference\00281.png,dataset\train\search\00281.png,410.1,874.7,360.1,824.7,100,100,finfet_7nm,5.0,10.0,2000.0,200.0,1.5,0.5,1.0,0.0,1.0,0.0,0.0,0.0,0.0,0.0,0.0,0.0,2600.0,320.0,0.35,42
282,dataset\train\reference\00282.png,dataset\train\search\00282.png,289.6,934.3,239.6,884.3,100,100,dram_compact,5.0,10.0,2000.0,200.0,1.5,0.5,1.0,0.0,1.0,0.0,0.0,0.0,0.0,0.0,0.0,0.0,2600.0,320.0,0.35,42
283,dataset\train\reference\00283.png,dataset\train\search\00283.png,883.2,286.8,833.2,236.8,100,100,finfet_7nm,5.0,10.0,2000.0,200.0,1.5,0.5,1.0,0.0,1.0,0.0,0.0,0.0,0.0,0.0,0.0,0.0,2600.0,320.0,0.35,42
284,dataset\train\reference\00284.png,dataset\train\search\00284.png,553.7,722.8,503.7,672.8,100,100,finfet_14nm,5.0,10.0,2000.0,200.0,1.5,0.5,1.0,0.0,1.0,0.0,0.0,0.0,0.0,0.0,0.0,0.0,2600.0,320.0,0.35,42
285,dataset\train\reference\00285.png,dataset\train\search\00285.png,161.8,116.8,111.8,66.8,100,100,finfet_7nm,5.0,10.0,2000.0,200.0,1.5,0.5,1.0,0.0,1.0,0.0,0.0,0.0,0.0,0.0,0.0,0.0,2600.0,320.0,0.35,42
286,dataset\train\reference\00286.png,dataset\train\search\00286.png,444.8,236.6,394.8,186.6,100,100,finfet_28nm,5.0,10.0,2000.0,200.0,1.5,0.5,1.0,0.0,1.0,0.0,0.0,0.0,0.0,0.0,0.0,0.0,2600.0,320.0,0.35,42
287,dataset\train\reference\00287.png,dataset\train\search\00287.png,120.4,835.5,70.4,785.5,100,100,finfet_10nm,5.0,10.0,2000.0,200.0,1.5,0.5,1.0,0.0,1.0,0.0,0.0,0.0,0.0,0.0,0.0,0.0,2600.0,320.0,0.35,42
288,dataset\train\reference\00288.png,dataset\train\search\00288.png,253.1,918.6,203.1,868.6,100,100,finfet_28nm,5.0,10.0,2000.0,200.0,1.5,0.5,1.0,0.0,1.0,0.0,0.0,0.0,0.0,0.0,0.0,0.0,2600.0,320.0,0.35,42
289,dataset\train\reference\00289.png,dataset\train\search\00289.png,757.4,862.3,707.4,812.3,100,100,finfet_14nm,5.0,10.0,2000.0,200.0,1.5,0.5,1.0,0.0,1.0,0.0,0.0,0.0,0.0,0.0,0.0,0.0,2600.0,320.0,0.35,42
290,dataset\train\reference\00290.png,dataset\train\search\00290.png,853.3,842.7,803.3,792.7,100,100,dram_compact,5.0,10.0,2000.0,200.0,1.5,0.5,1.0,0.0,1.0,0.0,0.0,0.0,0.0,0.0,0.0,0.0,2600.0,320.0,0.35,42
291,dataset\train\reference\00291.png,dataset\train\search\00291.png,337.7,437.6,287.7,387.6,100,100,finfet_14nm,5.0,10.0,2000.0,200.0,1.5,0.5,1.0,0.0,1.0,0.0,0.0,0.0,0.0,0.0,0.0,0.0,2600.0,320.0,0.35,42
292,dataset\train\reference\00292.png,dataset\train\search\00292.png,679.0,63.1,629.0,13.1,100,100,finfet_28nm,5.0,10.0,2000.0,200.0,1.5,0.5,1.0,0.0,1.0,0.0,0.0,0.0,0.0,0.0,0.0,0.0,2600.0,320.0,0.35,42
293,dataset\train\reference\00293.png,dataset\train\search\00293.png,552.4,428.9,502.4,378.9,100,100,dram_legacy,5.0,10.0,2000.0,200.0,1.5,0.5,1.0,0.0,1.0,0.0,0.0,0.0,0.0,0.0,0.0,0.0,2600.0,320.0,0.35,42
294,dataset\train\reference\00294.png,dataset\train\search\00294.png,347.7,303.4,297.7,253.4,100,100,finfet_7nm,5.0,10.0,2000.0,200.0,1.5,0.5,1.0,0.0,1.0,0.0,0.0,0.0,0.0,0.0,0.0,0.0,2600.0,320.0,0.35,42
295,dataset\train\reference\00295.png,dataset\train\search\00295.png,92.9,789.2,42.9,739.2,100,100,dram_wide,5.0,10.0,2000.0,200.0,1.5,0.5,1.0,0.0,1.0,0.0,0.0,0.0,0.0,0.0,0.0,0.0,2600.0,320.0,0.35,42
296,dataset\train\reference\00296.png,dataset\train\search\00296.png,109.4,257.5,59.4,207.5,100,100,finfet_14nm,5.0,10.0,2000.0,200.0,1.5,0.5,1.0,0.0,1.0,0.0,0.0,0.0,0.0,0.0,0.0,0.0,2600.0,320.0,0.35,42
297,dataset\train\reference\00297.png,dataset\train\search\00297.png,552.4,914.2,502.4,864.2,100,100,dram_legacy,5.0,10.0,2000.0,200.0,1.5,0.5,1.0,0.0,1.0,0.0,0.0,0.0,0.0,0.0,0.0,0.0,2600.0,320.0,0.35,42
298,dataset\train\reference\00298.png,dataset\train\search\00298.png,842.0,852.2,792.0,802.2,100,100,dram_loose,5.0,10.0,2000.0,200.0,1.5,0.5,1.0,0.0,1.0,0.0,0.0,0.0,0.0,0.0,0.0,0.0,2600.0,320.0,0.35,42
299,dataset\train\reference\00299.png,dataset\train\search\00299.png,622.8,599.8,572.8,549.8,100,100,finfet_45nm,5.0,10.0,2000.0,200.0,1.5,0.5,1.0,0.0,1.0,0.0,0.0,0.0,0.0,0.0,0.0,0.0,2600.0,320.0,0.35,42
300,dataset\train\reference\00300.png,dataset\train\search\00300.png,564.7,717.8,514.7,667.8,100,100,dram_wide,5.0,10.0,2000.0,200.0,1.5,0.5,1.0,0.0,1.0,0.0,0.0,0.0,0.0,0.0,0.0,0.0,2600.0,320.0,0.35,42
301,dataset\train\reference\00301.png,dataset\train\search\00301.png,63.4,392.2,13.4,342.2,100,100,dram_wide,5.0,10.0,2000.0,200.0,1.5,0.5,1.0,0.0,1.0,0.0,0.0,0.0,0.0,0.0,0.0,0.0,2600.0,320.0,0.35,42
302,dataset\train\reference\00302.png,dataset\train\search\00302.png,458.4,563.4,408.4,513.4,100,100,dram_compact,5.0,10.0,2000.0,200.0,1.5,0.5,1.0,0.0,1.0,0.0,0.0,0.0,0.0,0.0,0.0,0.0,2600.0,320.0,0.35,42
303,dataset\train\reference\00303.png,dataset\train\search\00303.png,61.4,63.6,11.4,13.6,100,100,finfet_45nm,5.0,10.0,2000.0,200.0,1.5,0.5,1.0,0.0,1.0,0.0,0.0,0.0,0.0,0.0,0.0,0.0,2600.0,320.0,0.35,42
304,dataset\train\reference\00304.png,dataset\train\search\00304.png,79.2,66.6,29.2,16.6,100,100,dram_legacy,5.0,10.0,2000.0,200.0,1.5,0.5,1.0,0.0,1.0,0.0,0.0,0.0,0.0,0.0,0.0,0.0,2600.0,320.0,0.35,42
305,dataset\train\reference\00305.png,dataset\train\search\00305.png,386.2,907.4,336.2,857.4,100,100,dram_wide,5.0,10.0,2000.0,200.0,1.5,0.5,1.0,0.0,1.0,0.0,0.0,0.0,0.0,0.0,0.0,0.0,2600.0,320.0,0.35,42
306,dataset\train\reference\00306.png,dataset\train\search\00306.png,497.4,819.3,447.4,769.3,100,100,finfet_10nm,5.0,10.0,2000.0,200.0,1.5,0.5,1.0,0.0,1.0,0.0,0.0,0.0,0.0,0.0,0.0,0.0,2600.0,320.0,0.35,42
307,dataset\train\reference\00307.png,dataset\train\search\00307.png,260.6,734.1,210.6,684.1,100,100,dram_wide,5.0,10.0,2000.0,200.0,1.5,0.5,1.0,0.0,1.0,0.0,0.0,0.0,0.0,0.0,0.0,0.0,2600.0,320.0,0.35,42
308,dataset\train\reference\00308.png,dataset\train\search\00308.png,716.3,553.2,666.3,503.2,100,100,dram_1x,5.0,10.0,2000.0,200.0,1.5,0.5,1.0,0.0,1.0,0.0,0.0,0.0,0.0,0.0,0.0,0.0,2600.0,320.0,0.35,42
309,dataset\train\reference\00309.png,dataset\train\search\00309.png,747.4,777.7,697.4,727.7,100,100,dram_legacy,5.0,10.0,2000.0,200.0,1.5,0.5,1.0,0.0,1.0,0.0,0.0,0.0,0.0,0.0,0.0,0.0,2600.0,320.0,0.35,42
310,dataset\train\reference\00310.png,dataset\train\search\00310.png,557.0,875.8,507.0,825.8,100,100,dram_wide,5.0,10.0,2000.0,200.0,1.5,0.5,1.0,0.0,1.0,0.0,0.0,0.0,0.0,0.0,0.0,0.0,2600.0,320.0,0.35,42
311,dataset\train\reference\00311.png,dataset\train\search\00311.png,875.2,297.0,825.2,247.0,100,100,dram_legacy,5.0,10.0,2000.0,200.0,1.5,0.5,1.0,0.0,1.0,0.0,0.0,0.0,0.0,0.0,0.0,0.0,2600.0,320.0,0.35,42
312,dataset\train\reference\00312.png,dataset\train\search\00312.png,581.1,708.4,531.1,658.4,100,100,finfet_7nm,5.0,10.0,2000.0,200.0,1.5,0.5,1.0,0.0,1.0,0.0,0.0,0.0,0.0,0.0,0.0,0.0,2600.0,320.0,0.35,42
313,dataset\train\reference\00313.png,dataset\train\search\00313.png,841.4,925.9,791.4,875.9,100,100,finfet_14nm,5.0,10.0,2000.0,200.0,1.5,0.5,1.0,0.0,1.0,0.0,0.0,0.0,0.0,0.0,0.0,0.0,2600.0,320.0,0.35,42
314,dataset\train\reference\00314.png,dataset\train\search\00314.png,720.9,255.3,670.9,205.3,100,100,dram_loose,5.0,10.0,2000.0,200.0,1.5,0.5,1.0,0.0,1.0,0.0,0.0,0.0,0.0,0.0,0.0,0.0,2600.0,320.0,0.35,42
315,dataset\train\reference\00315.png,dataset\train\search\00315.png,62.4,747.0,12.4,697.0,100,100,finfet_10nm,5.0,10.0,2000.0,200.0,1.5,0.5,1.0,0.0,1.0,0.0,0.0,0.0,0.0,0.0,0.0,0.0,2600.0,320.0,0.35,42
316,dataset\train\reference\00316.png,dataset\train\search\00316.png,272.3,242.5,222.3,192.5,100,100,finfet_22nm,5.0,10.0,2000.0,200.0,1.5,0.5,1.0,0.0,1.0,0.0,0.0,0.0,0.0,0.0,0.0,0.0,2600.0,320.0,0.35,42
317,dataset\train\reference\00317.png,dataset\train\search\00317.png,583.8,855.8,533.8,805.8,100,100,finfet_7nm,5.0,10.0,2000.0,200.0,1.5,0.5,1.0,0.0,1.0,0.0,0.0,0.0,0.0,0.0,0.0,0.0,2600.0,320.0,0.35,42
318,dataset\train\reference\00318.png,dataset\train\search\00318.png,151.5,672.3,101.5,622.3,100,100,finfet_10nm,5.0,10.0,2000.0,200.0,1.5,0.5,1.0,0.0,1.0,0.0,0.0,0.0,0.0,0.0,0.0,0.0,2600.0,320.0,0.35,42
319,dataset\train\reference\00319.png,dataset\train\search\00319.png,277.8,620.0,227.8,570.0,100,100,dram_wide,5.0,10.0,2000.0,200.0,1.5,0.5,1.0,0.0,1.0,0.0,0.0,0.0,0.0,0.0,0.0,0.0,2600.0,320.0,0.35,42
320,dataset\train\reference\00320.png,dataset\train\search\00320.png,275.3,260.5,225.3,210.5,100,100,dram_wide,5.0,10.0,2000.0,200.0,1.5,0.5,1.0,0.0,1.0,0.0,0.0,0.0,0.0,0.0,0.0,0.0,2600.0,320.0,0.35,42
321,dataset\train\reference\00321.png,dataset\train\search\00321.png,763.5,264.4,713.5,214.4,100,100,dram_compact,5.0,10.0,2000.0,200.0,1.5,0.5,1.0,0.0,1.0,0.0,0.0,0.0,0.0,0.0,0.0,0.0,2600.0,320.0,0.35,42
322,dataset\train\reference\00322.png,dataset\train\search\00322.png,950.0,850.0,900.0,800.0,100,100,dram_compact,5.0,10.0,2000.0,200.0,1.5,0.5,1.0,0.0,1.0,0.0,0.0,0.0,0.0,0.0,0.0,0.0,2600.0,320.0,0.35,42
323,dataset\train\reference\00323.png,dataset\train\search\00323.png,558.6,563.1,508.6,513.1,100,100,dram_wide,5.0,10.0,2000.0,200.0,1.5,0.5,1.0,0.0,1.0,0.0,0.0,0.0,0.0,0.0,0.0,0.0,2600.0,320.0,0.35,42
324,dataset\train\reference\00324.png,dataset\train\search\00324.png,950.0,292.1,900.0,242.1,100,100,finfet_7nm,5.0,10.0,2000.0,200.0,1.5,0.5,1.0,0.0,1.0,0.0,0.0,0.0,0.0,0.0,0.0,0.0,2600.0,320.0,0.35,42
325,dataset\train\reference\00325.png,dataset\train\search\00325.png,405.5,679.8,355.5,629.8,100,100,finfet_28nm,5.0,10.0,2000.0,200.0,1.5,0.5,1.0,0.0,1.0,0.0,0.0,0.0,0.0,0.0,0.0,0.0,2600.0,320.0,0.35,42
326,dataset\train\reference\00326.png,dataset\train\search\00326.png,944.9,861.6,894.9,811.6,100,100,finfet_22nm,5.0,10.0,2000.0,200.0,1.5,0.5,1.0,0.0,1.0,0.0,0.0,0.0,0.0,0.0,0.0,0.0,2600.0,320.0,0.35,42
327,dataset\train\reference\00327.png,dataset\train\search\00327.png,796.1,181.0,746.1,131.0,100,100,finfet_14nm,5.0,10.0,2000.0,200.0,1.5,0.5,1.0,0.0,1.0,0.0,0.0,0.0,0.0,0.0,0.0,0.0,2600.0,320.0,0.35,42
328,dataset\train\reference\00328.png,dataset\train\search\00328.png,806.3,566.4,756.3,516.4,100,100,dram_wide,5.0,10.0,2000.0,200.0,1.5,0.5,1.0,0.0,1.0,0.0,0.0,0.0,0.0,0.0,0.0,0.0,2600.0,320.0,0.35,42
329,dataset\train\reference\00329.png,dataset\train\search\00329.png,543.5,704.7,493.5,654.7,100,100,dram_legacy,5.0,10.0,2000.0,200.0,1.5,0.5,1.0,0.0,1.0,0.0,0.0,0.0,0.0,0.0,0.0,0.0,2600.0,320.0,0.35,42
330,dataset\train\reference\00330.png,dataset\train\search\00330.png,837.7,599.8,787.7,549.8,100,100,dram_loose,5.0,10.0,2000.0,200.0,1.5,0.5,1.0,0.0,1.0,0.0,0.0,0.0,0.0,0.0,0.0,0.0,2600.0,320.0,0.35,42
331,dataset\train\reference\00331.png,dataset\train\search\00331.png,858.7,340.5,808.7,290.5,100,100,finfet_45nm,5.0,10.0,2000.0,200.0,1.5,0.5,1.0,0.0,1.0,0.0,0.0,0.0,0.0,0.0,0.0,0.0,2600.0,320.0,0.35,42
332,dataset\train\reference\00332.png,dataset\train\search\00332.png,933.7,535.1,883.7,485.1,100,100,finfet_7nm,5.0,10.0,2000.0,200.0,1.5,0.5,1.0,0.0,1.0,0.0,0.0,0.0,0.0,0.0,0.0,0.0,2600.0,320.0,0.35,42
333,dataset\train\reference\00333.png,dataset\train\search\00333.png,131.5,115.7,81.5,65.7,100,100,finfet_45nm,5.0,10.0,2000.0,200.0,1.5,0.5,1.0,0.0,1.0,0.0,0.0,0.0,0.0,0.0,0.0,0.0,2600.0,320.0,0.35,42
334,dataset\train\reference\00334.png,dataset\train\search\00334.png,847.0,260.2,797.0,210.2,100,100,dram_legacy,5.0,10.0,2000.0,200.0,1.5,0.5,1.0,0.0,1.0,0.0,0.0,0.0,0.0,0.0,0.0,0.0,2600.0,320.0,0.35,42
335,dataset\train\reference\00335.png,dataset\train\search\00335.png,765.8,885.2,715.8,835.2,100,100,dram_1x,5.0,10.0,2000.0,200.0,1.5,0.5,1.0,0.0,1.0,0.0,0.0,0.0,0.0,0.0,0.0,0.0,2600.0,320.0,0.35,42
336,dataset\train\reference\00336.png,dataset\train\search\00336.png,337.5,83.4,287.5,33.4,100,100,dram_dense,5.0,10.0,2000.0,200.0,1.5,0.5,1.0,0.0,1.0,0.0,0.0,0.0,0.0,0.0,0.0,0.0,2600.0,320.0,0.35,42
337,dataset\train\reference\00337.png,dataset\train\search\00337.png,69.7,401.1,19.7,351.1,100,100,finfet_7nm,5.0,10.0,2000.0,200.0,1.5,0.5,1.0,0.0,1.0,0.0,0.0,0.0,0.0,0.0,0.0,0.0,2600.0,320.0,0.35,42
338,dataset\train\reference\00338.png,dataset\train\search\00338.png,409.8,371.0,359.8,321.0,100,100,dram_loose,5.0,10.0,2000.0,200.0,1.5,0.5,1.0,0.0,1.0,0.0,0.0,0.0,0.0,0.0,0.0,0.0,2600.0,320.0,0.35,42
339,dataset\train\reference\00339.png,dataset\train\search\00339.png,468.1,360.6,418.1,310.6,100,100,dram_dense,5.0,10.0,2000.0,200.0,1.5,0.5,1.0,0.0,1.0,0.0,0.0,0.0,0.0,0.0,0.0,0.0,2600.0,320.0,0.35,42
340,dataset\train\reference\00340.png,dataset\train\search\00340.png,431.8,568.2,381.8,518.2,100,100,finfet_14nm,5.0,10.0,2000.0,200.0,1.5,0.5,1.0,0.0,1.0,0.0,0.0,0.0,0.0,0.0,0.0,0.0,2600.0,320.0,0.35,42
341,dataset\train\reference\00341.png,dataset\train\search\00341.png,941.5,568.3,891.5,518.3,100,100,dram_1x,5.0,10.0,2000.0,200.0,1.5,0.5,1.0,0.0,1.0,0.0,0.0,0.0,0.0,0.0,0.0,0.0,2600.0,320.0,0.35,42
342,dataset\train\reference\00342.png,dataset\train\search\00342.png,715.1,466.6,665.1,416.6,100,100,finfet_7nm,5.0,10.0,2000.0,200.0,1.5,0.5,1.0,0.0,1.0,0.0,0.0,0.0,0.0,0.0,0.0,0.0,2600.0,320.0,0.35,42
343,dataset\train\reference\00343.png,dataset\train\search\00343.png,447.3,361.9,397.3,311.9,100,100,finfet_7nm,5.0,10.0,2000.0,200.0,1.5,0.5,1.0,0.0,1.0,0.0,0.0,0.0,0.0,0.0,0.0,0.0,2600.0,320.0,0.35,42
344,dataset\train\reference\00344.png,dataset\train\search\00344.png,873.2,406.1,823.2,356.1,100,100,finfet_22nm,5.0,10.0,2000.0,200.0,1.5,0.5,1.0,0.0,1.0,0.0,0.0,0.0,0.0,0.0,0.0,0.0,2600.0,320.0,0.35,42
345,dataset\train\reference\00345.png,dataset\train\search\00345.png,889.4,710.5,839.4,660.5,100,100,finfet_22nm,5.0,10.0,2000.0,200.0,1.5,0.5,1.0,0.0,1.0,0.0,0.0,0.0,0.0,0.0,0.0,0.0,2600.0,320.0,0.35,42
346,dataset\train\reference\00346.png,dataset\train\search\00346.png,252.2,934.2,202.2,884.2,100,100,dram_dense,5.0,10.0,2000.0,200.0,1.5,0.5,1.0,0.0,1.0,0.0,0.0,0.0,0.0,0.0,0.0,0.0,2600.0,320.0,0.35,42
347,dataset\train\reference\00347.png,dataset\train\search\00347.png,716.9,552.9,666.9,502.9,100,100,dram_compact,5.0,10.0,2000.0,200.0,1.5,0.5,1.0,0.0,1.0,0.0,0.0,0.0,0.0,0.0,0.0,0.0,2600.0,320.0,0.35,42
348,dataset\train\reference\00348.png,dataset\train\search\00348.png,866.3,846.0,816.3,796.0,100,100,dram_1x,5.0,10.0,2000.0,200.0,1.5,0.5,1.0,0.0,1.0,0.0,0.0,0.0,0.0,0.0,0.0,0.0,2600.0,320.0,0.35,42
349,dataset\train\reference\00349.png,dataset\train\search\00349.png,400.8,344.9,350.8,294.9,100,100,finfet_45nm,5.0,10.0,2000.0,200.0,1.5,0.5,1.0,0.0,1.0,0.0,0.0,0.0,0.0,0.0,0.0,0.0,2600.0,320.0,0.35,42
350,dataset\train\reference\00350.png,dataset\train\search\00350.png,351.7,715.3,301.7,665.3,100,100,finfet_22nm,5.0,10.0,2000.0,200.0,1.5,0.5,1.0,0.0,1.0,0.0,0.0,0.0,0.0,0.0,0.0,0.0,2600.0,320.0,0.35,42
351,dataset\train\reference\00351.png,dataset\train\search\00351.png,418.9,942.2,368.9,892.2,100,100,dram_1x,5.0,10.0,2000.0,200.0,1.5,0.5,1.0,0.0,1.0,0.0,0.0,0.0,0.0,0.0,0.0,0.0,2600.0,320.0,0.35,42
352,dataset\train\reference\00352.png,dataset\train\search\00352.png,934.1,573.0,884.1,523.0,100,100,dram_legacy,5.0,10.0,2000.0,200.0,1.5,0.5,1.0,0.0,1.0,0.0,0.0,0.0,0.0,0.0,0.0,0.0,2600.0,320.0,0.35,42
353,dataset\train\reference\00353.png,dataset\train\search\00353.png,109.1,627.1,59.1,577.1,100,100,finfet_45nm,5.0,10.0,2000.0,200.0,1.5,0.5,1.0,0.0,1.0,0.0,0.0,0.0,0.0,0.0,0.0,0.0,2600.0,320.0,0.35,42
354,dataset\train\reference\00354.png,dataset\train\search\00354.png,296.1,115.3,246.1,65.3,100,100,dram_compact,5.0,10.0,2000.0,200.0,1.5,0.5,1.0,0.0,1.0,0.0,0.0,0.0,0.0,0.0,0.0,0.0,2600.0,320.0,0.35,42
355,dataset\train\reference\00355.png,dataset\train\search\00355.png,501.8,784.1,451.8,734.1,100,100,finfet_14nm,5.0,10.0,2000.0,200.0,1.5,0.5,1.0,0.0,1.0,0.0,0.0,0.0,0.0,0.0,0.0,0.0,2600.0,320.0,0.35,42
356,dataset\train\reference\00356.png,dataset\train\search\00356.png,276.7,135.4,226.7,85.4,100,100,finfet_14nm,5.0,10.0,2000.0,200.0,1.5,0.5,1.0,0.0,1.0,0.0,0.0,0.0,0.0,0.0,0.0,0.0,2600.0,320.0,0.35,42
357,dataset\train\reference\00357.png,dataset\train\search\00357.png,473.7,767.2,423.7,717.2,100,100,finfet_10nm,5.0,10.0,2000.0,200.0,1.5,0.5,1.0,0.0,1.0,0.0,0.0,0.0,0.0,0.0,0.0,0.0,2600.0,320.0,0.35,42
358,dataset\train\reference\00358.png,dataset\train\search\00358.png,545.6,680.5,495.6,630.5,100,100,finfet_10nm,5.0,10.0,2000.0,200.0,1.5,0.5,1.0,0.0,1.0,0.0,0.0,0.0,0.0,0.0,0.0,0.0,2600.0,320.0,0.35,42
359,dataset\train\reference\00359.png,dataset\train\search\00359.png,354.7,396.6,304.7,346.6,100,100,finfet_22nm,5.0,10.0,2000.0,200.0,1.5,0.5,1.0,0.0,1.0,0.0,0.0,0.0,0.0,0.0,0.0,0.0,2600.0,320.0,0.35,42
360,dataset\train\reference\00360.png,dataset\train\search\00360.png,576.7,329.5,526.7,279.5,100,100,dram_wide,5.0,10.0,2000.0,200.0,1.5,0.5,1.0,0.0,1.0,0.0,0.0,0.0,0.0,0.0,0.0,0.0,2600.0,320.0,0.35,42
361,dataset\train\reference\00361.png,dataset\train\search\00361.png,573.1,445.6,523.1,395.6,100,100,finfet_45nm,5.0,10.0,2000.0,200.0,1.5,0.5,1.0,0.0,1.0,0.0,0.0,0.0,0.0,0.0,0.0,0.0,2600.0,320.0,0.35,42
362,dataset\train\reference\00362.png,dataset\train\search\00362.png,139.7,555.7,89.7,505.7,100,100,finfet_7nm,5.0,10.0,2000.0,200.0,1.5,0.5,1.0,0.0,1.0,0.0,0.0,0.0,0.0,0.0,0.0,0.0,2600.0,320.0,0.35,42
363,dataset\train\reference\00363.png,dataset\train\search\00363.png,282.7,840.9,232.7,790.9,100,100,dram_1x,5.0,10.0,2000.0,200.0,1.5,0.5,1.0,0.0,1.0,0.0,0.0,0.0,0.0,0.0,0.0,0.0,2600.0,320.0,0.35,42
364,dataset\train\reference\00364.png,dataset\train\search\00364.png,843.4,872.0,793.4,822.0,100,100,finfet_45nm,5.0,10.0,2000.0,200.0,1.5,0.5,1.0,0.0,1.0,0.0,0.0,0.0,0.0,0.0,0.0,0.0,2600.0,320.0,0.35,42
365,dataset\train\reference\00365.png,dataset\train\search\00365.png,61.4,401.4,11.4,351.4,100,100,dram_compact,5.0,10.0,2000.0,200.0,1.5,0.5,1.0,0.0,1.0,0.0,0.0,0.0,0.0,0.0,0.0,0.0,2600.0,320.0,0.35,42
366,dataset\train\reference\00366.png,dataset\train\search\00366.png,881.8,253.4,831.8,203.4,100,100,finfet_22nm,5.0,10.0,2000.0,200.0,1.5,0.5,1.0,0.0,1.0,0.0,0.0,0.0,0.0,0.0,0.0,0.0,2600.0,320.0,0.35,42
367,dataset\train\reference\00367.png,dataset\train\search\00367.png,270.2,113.8,220.2,63.8,100,100,finfet_28nm,5.0,10.0,2000.0,200.0,1.5,0.5,1.0,0.0,1.0,0.0,0.0,0.0,0.0,0.0,0.0,0.0,2600.0,320.0,0.35,42
368,dataset\train\reference\00368.png,dataset\train\search\00368.png,664.0,542.8,614.0,492.8,100,100,dram_loose,5.0,10.0,2000.0,200.0,1.5,0.5,1.0,0.0,1.0,0.0,0.0,0.0,0.0,0.0,0.0,0.0,2600.0,320.0,0.35,42
369,dataset\train\reference\00369.png,dataset\train\search\00369.png,548.5,256.8,498.5,206.8,100,100,finfet_7nm,5.0,10.0,2000.0,200.0,1.5,0.5,1.0,0.0,1.0,0.0,0.0,0.0,0.0,0.0,0.0,0.0,2600.0,320.0,0.35,42
370,dataset\train\reference\00370.png,dataset\train\search\00370.png,442.9,578.9,392.9,528.9,100,100,dram_loose,5.0,10.0,2000.0,200.0,1.5,0.5,1.0,0.0,1.0,0.0,0.0,0.0,0.0,0.0,0.0,0.0,2600.0,320.0,0.35,42
371,dataset\train\reference\00371.png,dataset\train\search\00371.png,879.3,576.4,829.3,526.4,100,100,finfet_14nm,5.0,10.0,2000.0,200.0,1.5,0.5,1.0,0.0,1.0,0.0,0.0,0.0,0.0,0.0,0.0,0.0,2600.0,320.0,0.35,42
372,dataset\train\reference\00372.png,dataset\train\search\00372.png,134.2,264.5,84.2,214.5,100,100,finfet_28nm,5.0,10.0,2000.0,200.0,1.5,0.5,1.0,0.0,1.0,0.0,0.0,0.0,0.0,0.0,0.0,0.0,2600.0,320.0,0.35,42
373,dataset\train\reference\00373.png,dataset\train\search\00373.png,927.6,897.6,877.6,847.6,100,100,finfet_22nm,5.0,10.0,2000.0,200.0,1.5,0.5,1.0,0.0,1.0,0.0,0.0,0.0,0.0,0.0,0.0,0.0,2600.0,320.0,0.35,42
374,dataset\train\reference\00374.png,dataset\train\search\00374.png,274.1,92.5,224.1,42.5,100,100,dram_dense,5.0,10.0,2000.0,200.0,1.5,0.5,1.0,0.0,1.0,0.0,0.0,0.0,0.0,0.0,0.0,0.0,2600.0,320.0,0.35,42
375,dataset\train\reference\00375.png,dataset\train\search\00375.png,849.3,249.8,799.3,199.8,100,100,dram_legacy,5.0,10.0,2000.0,200.0,1.5,0.5,1.0,0.0,1.0,0.0,0.0,0.0,0.0,0.0,0.0,0.0,2600.0,320.0,0.35,42
376,dataset\train\reference\00376.png,dataset\train\search\00376.png,699.3,875.7,649.3,825.7,100,100,finfet_28nm,5.0,10.0,2000.0,200.0,1.5,0.5,1.0,0.0,1.0,0.0,0.0,0.0,0.0,0.0,0.0,0.0,2600.0,320.0,0.35,42
377,dataset\train\reference\00377.png,dataset\train\search\00377.png,440.5,567.9,390.5,517.9,100,100,finfet_45nm,5.0,10.0,2000.0,200.0,1.5,0.5,1.0,0.0,1.0,0.0,0.0,0.0,0.0,0.0,0.0,0.0,2600.0,320.0,0.35,42
378,dataset\train\reference\00378.png,dataset\train\search\00378.png,938.1,714.2,888.1,664.2,100,100,dram_dense,5.0,10.0,2000.0,200.0,1.5,0.5,1.0,0.0,1.0,0.0,0.0,0.0,0.0,0.0,0.0,0.0,2600.0,320.0,0.35,42
379,dataset\train\reference\00379.png,dataset\train\search\00379.png,360.6,134.2,310.6,84.2,100,100,finfet_45nm,5.0,10.0,2000.0,200.0,1.5,0.5,1.0,0.0,1.0,0.0,0.0,0.0,0.0,0.0,0.0,0.0,2600.0,320.0,0.35,42
380,dataset\train\reference\00380.png,dataset\train\search\00380.png,279.9,548.7,229.9,498.7,100,100,finfet_45nm,5.0,10.0,2000.0,200.0,1.5,0.5,1.0,0.0,1.0,0.0,0.0,0.0,0.0,0.0,0.0,0.0,2600.0,320.0,0.35,42
381,dataset\train\reference\00381.png,dataset\train\search\00381.png,915.4,448.9,865.4,398.9,100,100,finfet_7nm,5.0,10.0,2000.0,200.0,1.5,0.5,1.0,0.0,1.0,0.0,0.0,0.0,0.0,0.0,0.0,0.0,2600.0,320.0,0.35,42
382,dataset\train\reference\00382.png,dataset\train\search\00382.png,125.8,880.8,75.8,830.8,100,100,finfet_28nm,5.0,10.0,2000.0,200.0,1.5,0.5,1.0,0.0,1.0,0.0,0.0,0.0,0.0,0.0,0.0,0.0,2600.0,320.0,0.35,42
383,dataset\train\reference\00383.png,dataset\train\search\00383.png,447.8,539.6,397.8,489.6,100,100,dram_compact,5.0,10.0,2000.0,200.0,1.5,0.5,1.0,0.0,1.0,0.0,0.0,0.0,0.0,0.0,0.0,0.0,2600.0,320.0,0.35,42
384,dataset\train\reference\00384.png,dataset\train\search\00384.png,132.4,566.8,82.4,516.8,100,100,finfet_45nm,5.0,10.0,2000.0,200.0,1.5,0.5,1.0,0.0,1.0,0.0,0.0,0.0,0.0,0.0,0.0,0.0,2600.0,320.0,0.35,42
385,dataset\train\reference\00385.png,dataset\train\search\00385.png,874.4,568.5,824.4,518.5,100,100,finfet_10nm,5.0,10.0,2000.0,200.0,1.5,0.5,1.0,0.0,1.0,0.0,0.0,0.0,0.0,0.0,0.0,0.0,2600.0,320.0,0.35,42
386,dataset\train\reference\00386.png,dataset\train\search\00386.png,598.3,787.9,548.3,737.9,100,100,dram_legacy,5.0,10.0,2000.0,200.0,1.5,0.5,1.0,0.0,1.0,0.0,0.0,0.0,0.0,0.0,0.0,0.0,2600.0,320.0,0.35,42
387,dataset\train\reference\00387.png,dataset\train\search\00387.png,661.5,58.5,611.5,8.5,100,100,finfet_22nm,5.0,10.0,2000.0,200.0,1.5,0.5,1.0,0.0,1.0,0.0,0.0,0.0,0.0,0.0,0.0,0.0,2600.0,320.0,0.35,42
388,dataset\train\reference\00388.png,dataset\train\search\00388.png,738.4,544.5,688.4,494.5,100,100,finfet_14nm,5.0,10.0,2000.0,200.0,1.5,0.5,1.0,0.0,1.0,0.0,0.0,0.0,0.0,0.0,0.0,0.0,2600.0,320.0,0.35,42
389,dataset\train\reference\00389.png,dataset\train\search\00389.png,212.4,862.1,162.4,812.1,100,100,finfet_7nm,5.0,10.0,2000.0,200.0,1.5,0.5,1.0,0.0,1.0,0.0,0.0,0.0,0.0,0.0,0.0,0.0,2600.0,320.0,0.35,42
390,dataset\train\reference\00390.png,dataset\train\search\00390.png,937.1,483.7,887.1,433.7,100,100,dram_1x,5.0,10.0,2000.0,200.0,1.5,0.5,1.0,0.0,1.0,0.0,0.0,0.0,0.0,0.0,0.0,0.0,2600.0,320.0,0.35,42
391,dataset\train\reference\00391.png,dataset\train\search\00391.png,60.8,333.6,10.8,283.6,100,100,finfet_45nm,5.0,10.0,2000.0,200.0,1.5,0.5,1.0,0.0,1.0,0.0,0.0,0.0,0.0,0.0,0.0,0.0,2600.0,320.0,0.35,42
392,dataset\train\reference\00392.png,dataset\train\search\00392.png,725.7,764.4,675.7,714.4,100,100,dram_1x,5.0,10.0,2000.0,200.0,1.5,0.5,1.0,0.0,1.0,0.0,0.0,0.0,0.0,0.0,0.0,0.0,2600.0,320.0,0.35,42
393,dataset\train\reference\00393.png,dataset\train\search\00393.png,651.5,129.9,601.5,79.9,100,100,dram_loose,5.0,10.0,2000.0,200.0,1.5,0.5,1.0,0.0,1.0,0.0,0.0,0.0,0.0,0.0,0.0,0.0,2600.0,320.0,0.35,42
394,dataset\train\reference\00394.png,dataset\train\search\00394.png,120.4,342.2,70.4,292.2,100,100,finfet_10nm,5.0,10.0,2000.0,200.0,1.5,0.5,1.0,0.0,1.0,0.0,0.0,0.0,0.0,0.0,0.0,0.0,2600.0,320.0,0.35,42
395,dataset\train\reference\00395.png,dataset\train\search\00395.png,283.0,417.6,233.0,367.6,100,100,finfet_7nm,5.0,10.0,2000.0,200.0,1.5,0.5,1.0,0.0,1.0,0.0,0.0,0.0,0.0,0.0,0.0,0.0,2600.0,320.0,0.35,42
396,dataset\train\reference\00396.png,dataset\train\search\00396.png,755.8,774.1,705.8,724.1,100,100,dram_loose,5.0,10.0,2000.0,200.0,1.5,0.5,1.0,0.0,1.0,0.0,0.0,0.0,0.0,0.0,0.0,0.0,2600.0,320.0,0.35,42
397,dataset\train\reference\00397.png,dataset\train\search\00397.png,131.6,501.0,81.6,451.0,100,100,finfet_10nm,5.0,10.0,2000.0,200.0,1.5,0.5,1.0,0.0,1.0,0.0,0.0,0.0,0.0,0.0,0.0,0.0,2600.0,320.0,0.35,42
398,dataset\train\reference\00398.png,dataset\train\search\00398.png,588.8,714.7,538.8,664.7,100,100,finfet_14nm,5.0,10.0,2000.0,200.0,1.5,0.5,1.0,0.0,1.0,0.0,0.0,0.0,0.0,0.0,0.0,0.0,2600.0,320.0,0.35,42
399,dataset\train\reference\00399.png,dataset\train\search\00399.png,902.7,327.5,852.7,277.5,100,100,finfet_10nm,5.0,10.0,2000.0,200.0,1.5,0.5,1.0,0.0,1.0,0.0,0.0,0.0,0.0,0.0,0.0,0.0,2600.0,320.0,0.35,42
400,dataset\train\reference\00400.png,dataset\train\search\00400.png,566.9,859.8,516.9,809.8,100,100,finfet_45nm,5.0,10.0,2000.0,200.0,1.5,0.5,1.0,0.0,1.0,0.0,0.0,0.0,0.0,0.0,0.0,0.0,2600.0,320.0,0.35,42
401,dataset\train\reference\00401.png,dataset\train\search\00401.png,706.9,567.8,656.9,517.8,100,100,dram_wide,5.0,10.0,2000.0,200.0,1.5,0.5,1.0,0.0,1.0,0.0,0.0,0.0,0.0,0.0,0.0,0.0,2600.0,320.0,0.35,42
402,dataset\train\reference\00402.png,dataset\train\search\00402.png,91.4,777.2,41.4,727.2,100,100,finfet_14nm,5.0,10.0,2000.0,200.0,1.5,0.5,1.0,0.0,1.0,0.0,0.0,0.0,0.0,0.0,0.0,0.0,2600.0,320.0,0.35,42
403,dataset\train\reference\00403.png,dataset\train\search\00403.png,300.8,187.4,250.8,137.4,100,100,dram_dense,5.0,10.0,2000.0,200.0,1.5,0.5,1.0,0.0,1.0,0.0,0.0,0.0,0.0,0.0,0.0,0.0,2600.0,320.0,0.35,42
404,dataset\train\reference\00404.png,dataset\train\search\00404.png,241.5,375.3,191.5,325.3,100,100,dram_1x,5.0,10.0,2000.0,200.0,1.5,0.5,1.0,0.0,1.0,0.0,0.0,0.0,0.0,0.0,0.0,0.0,2600.0,320.0,0.35,42
405,dataset\train\reference\00405.png,dataset\train\search\00405.png,715.9,277.7,665.9,227.7,100,100,dram_loose,5.0,10.0,2000.0,200.0,1.5,0.5,1.0,0.0,1.0,0.0,0.0,0.0,0.0,0.0,0.0,0.0,2600.0,320.0,0.35,42
406,dataset\train\reference\00406.png,dataset\train\search\00406.png,950.0,574.7,900.0,524.7,100,100,dram_1x,5.0,10.0,2000.0,200.0,1.5,0.5,1.0,0.0,1.0,0.0,0.0,0.0,0.0,0.0,0.0,0.0,2600.0,320.0,0.35,42
407,dataset\train\reference\00407.png,dataset\train\search\00407.png,718.9,289.6,668.9,239.6,100,100,finfet_10nm,5.0,10.0,2000.0,200.0,1.5,0.5,1.0,0.0,1.0,0.0,0.0,0.0,0.0,0.0,0.0,0.0,2600.0,320.0,0.35,42
408,dataset\train\reference\00408.png,dataset\train\search\00408.png,752.1,135.4,702.1,85.4,100,100,finfet_14nm,5.0,10.0,2000.0,200.0,1.5,0.5,1.0,0.0,1.0,0.0,0.0,0.0,0.0,0.0,0.0,0.0,2600.0,320.0,0.35,42
409,dataset\train\reference\00409.png,dataset\train\search\00409.png,590.5,664.5,540.5,614.5,100,100,dram_legacy,5.0,10.0,2000.0,200.0,1.5,0.5,1.0,0.0,1.0,0.0,0.0,0.0,0.0,0.0,0.0,0.0,2600.0,320.0,0.35,42
410,dataset\train\reference\00410.png,dataset\train\search\00410.png,126.2,639.3,76.2,589.3,100,100,finfet_28nm,5.0,10.0,2000.0,200.0,1.5,0.5,1.0,0.0,1.0,0.0,0.0,0.0,0.0,0.0,0.0,0.0,2600.0,320.0,0.35,42
411,dataset\train\reference\00411.png,dataset\train\search\00411.png,574.6,944.2,524.6,894.2,100,100,dram_compact,5.0,10.0,2000.0,200.0,1.5,0.5,1.0,0.0,1.0,0.0,0.0,0.0,0.0,0.0,0.0,0.0,2600.0,320.0,0.35,42
412,dataset\train\reference\00412.png,dataset\train\search\00412.png,199.7,919.1,149.7,869.1,100,100,dram_1x,5.0,10.0,2000.0,200.0,1.5,0.5,1.0,0.0,1.0,0.0,0.0,0.0,0.0,0.0,0.0,0.0,2600.0,320.0,0.35,42
413,dataset\train\reference\00413.png,dataset\train\search\00413.png,930.3,209.6,880.3,159.6,100,100,dram_wide,5.0,10.0,2000.0,200.0,1.5,0.5,1.0,0.0,1.0,0.0,0.0,0.0,0.0,0.0,0.0,0.0,2600.0,320.0,0.35,42
414,dataset\train\reference\00414.png,dataset\train\search\00414.png,821.5,846.6,771.5,796.6,100,100,finfet_7nm,5.0,10.0,2000.0,200.0,1.5,0.5,1.0,0.0,1.0,0.0,0.0,0.0,0.0,0.0,0.0,0.0,2600.0,320.0,0.35,42
415,dataset\train\reference\00415.png,dataset\train\search\00415.png,880.1,161.1,830.1,111.1,100,100,dram_compact,5.0,10.0,2000.0,200.0,1.5,0.5,1.0,0.0,1.0,0.0,0.0,0.0,0.0,0.0,0.0,0.0,2600.0,320.0,0.35,42
416,dataset\train\reference\00416.png,dataset\train\search\00416.png,854.0,919.6,804.0,869.6,100,100,dram_legacy,5.0,10.0,2000.0,200.0,1.5,0.5,1.0,0.0,1.0,0.0,0.0,0.0,0.0,0.0,0.0,0.0,2600.0,320.0,0.35,42
417,dataset\train\reference\00417.png,dataset\train\search\00417.png,592.8,876.5,542.8,826.5,100,100,dram_loose,5.0,10.0,2000.0,200.0,1.5,0.5,1.0,0.0,1.0,0.0,0.0,0.0,0.0,0.0,0.0,0.0,2600.0,320.0,0.35,42
418,dataset\train\reference\00418.png,dataset\train\search\00418.png,717.0,867.6,667.0,817.6,100,100,dram_loose,5.0,10.0,2000.0,200.0,1.5,0.5,1.0,0.0,1.0,0.0,0.0,0.0,0.0,0.0,0.0,0.0,2600.0,320.0,0.35,42
419,dataset\train\reference\00419.png,dataset\train\search\00419.png,428.0,555.4,378.0,505.4,100,100,dram_1x,5.0,10.0,2000.0,200.0,1.5,0.5,1.0,0.0,1.0,0.0,0.0,0.0,0.0,0.0,0.0,0.0,2600.0,320.0,0.35,42
420,dataset\train\reference\00420.png,dataset\train\search\00420.png,532.3,140.4,482.3,90.4,100,100,finfet_22nm,5.0,10.0,2000.0,200.0,1.5,0.5,1.0,0.0,1.0,0.0,0.0,0.0,0.0,0.0,0.0,0.0,2600.0,320.0,0.35,42
421,dataset\train\reference\00421.png,dataset\train\search\00421.png,309.8,248.0,259.8,198.0,100,100,dram_compact,5.0,10.0,2000.0,200.0,1.5,0.5,1.0,0.0,1.0,0.0,0.0,0.0,0.0,0.0,0.0,0.0,2600.0,320.0,0.35,42
422,dataset\train\reference\00422.png,dataset\train\search\00422.png,553.2,729.6,503.2,679.6,100,100,finfet_28nm,5.0,10.0,2000.0,200.0,1.5,0.5,1.0,0.0,1.0,0.0,0.0,0.0,0.0,0.0,0.0,0.0,2600.0,320.0,0.35,42
423,dataset\train\reference\00423.png,dataset\train\search\00423.png,441.5,874.1,391.5,824.1,100,100,dram_dense,5.0,10.0,2000.0,200.0,1.5,0.5,1.0,0.0,1.0,0.0,0.0,0.0,0.0,0.0,0.0,0.0,2600.0,320.0,0.35,42
424,dataset\train\reference\00424.png,dataset\train\search\00424.png,867.7,315.2,817.7,265.2,100,100,dram_compact,5.0,10.0,2000.0,200.0,1.5,0.5,1.0,0.0,1.0,0.0,0.0,0.0,0.0,0.0,0.0,0.0,2600.0,320.0,0.35,42
425,dataset\train\reference\00425.png,dataset\train\search\00425.png,867.9,62.9,817.9,12.9,100,100,finfet_28nm,5.0,10.0,2000.0,200.0,1.5,0.5,1.0,0.0,1.0,0.0,0.0,0.0,0.0,0.0,0.0,0.0,2600.0,320.0,0.35,42
426,dataset\train\reference\00426.png,dataset\train\search\00426.png,945.3,584.0,895.3,534.0,100,100,finfet_14nm,5.0,10.0,2000.0,200.0,1.5,0.5,1.0,0.0,1.0,0.0,0.0,0.0,0.0,0.0,0.0,0.0,2600.0,320.0,0.35,42
427,dataset\train\reference\00427.png,dataset\train\search\00427.png,826.7,572.4,776.7,522.4,100,100,finfet_45nm,5.0,10.0,2000.0,200.0,1.5,0.5,1.0,0.0,1.0,0.0,0.0,0.0,0.0,0.0,0.0,0.0,2600.0,320.0,0.35,42
428,dataset\train\reference\00428.png,dataset\train\search\00428.png,553.8,148.5,503.8,98.5,100,100,dram_loose,5.0,10.0,2000.0,200.0,1.5,0.5,1.0,0.0,1.0,0.0,0.0,0.0,0.0,0.0,0.0,0.0,2600.0,320.0,0.35,42
429,dataset\train\reference\00429.png,dataset\train\search\00429.png,572.6,563.8,522.6,513.8,100,100,dram_1x,5.0,10.0,2000.0,200.0,1.5,0.5,1.0,0.0,1.0,0.0,0.0,0.0,0.0,0.0,0.0,0.0,2600.0,320.0,0.35,42
430,dataset\train\reference\00430.png,dataset\train\search\00430.png,174.8,317.6,124.8,267.6,100,100,finfet_22nm,5.0,10.0,2000.0,200.0,1.5,0.5,1.0,0.0,1.0,0.0,0.0,0.0,0.0,0.0,0.0,0.0,2600.0,320.0,0.35,42
431,dataset\train\reference\00431.png,dataset\train\search\00431.png,323.3,734.6,273.3,684.6,100,100,dram_legacy,5.0,10.0,2000.0,200.0,1.5,0.5,1.0,0.0,1.0,0.0,0.0,0.0,0.0,0.0,0.0,0.0,2600.0,320.0,0.35,42
432,dataset\train\reference\00432.png,dataset\train\search\00432.png,117.8,212.7,67.8,162.7,100,100,dram_compact,5.0,10.0,2000.0,200.0,1.5,0.5,1.0,0.0,1.0,0.0,0.0,0.0,0.0,0.0,0.0,0.0,2600.0,320.0,0.35,42
433,dataset\train\reference\00433.png,dataset\train\search\00433.png,689.0,467.8,639.0,417.8,100,100,dram_wide,5.0,10.0,2000.0,200.0,1.5,0.5,1.0,0.0,1.0,0.0,0.0,0.0,0.0,0.0,0.0,0.0,2600.0,320.0,0.35,42
434,dataset\train\reference\00434.png,dataset\train\search\00434.png,452.5,612.3,402.5,562.3,100,100,finfet_28nm,5.0,10.0,2000.0,200.0,1.5,0.5,1.0,0.0,1.0,0.0,0.0,0.0,0.0,0.0,0.0,0.0,2600.0,320.0,0.35,42
435,dataset\train\reference\00435.png,dataset\train\search\00435.png,918.4,547.8,868.4,497.8,100,100,finfet_28nm,5.0,10.0,2000.0,200.0,1.5,0.5,1.0,0.0,1.0,0.0,0.0,0.0,0.0,0.0,0.0,0.0,2600.0,320.0,0.35,42
436,dataset\train\reference\00436.png,dataset\train\search\00436.png,279.0,926.3,229.0,876.3,100,100,dram_wide,5.0,10.0,2000.0,200.0,1.5,0.5,1.0,0.0,1.0,0.0,0.0,0.0,0.0,0.0,0.0,0.0,2600.0,320.0,0.35,42
437,dataset\train\reference\00437.png,dataset\train\search\00437.png,399.4,858.3,349.4,808.3,100,100,dram_compact,5.0,10.0,2000.0,200.0,1.5,0.5,1.0,0.0,1.0,0.0,0.0,0.0,0.0,0.0,0.0,0.0,2600.0,320.0,0.35,42
438,dataset\train\reference\00438.png,dataset\train\search\00438.png,561.3,753.1,511.3,703.1,100,100,dram_dense,5.0,10.0,2000.0,200.0,1.5,0.5,1.0,0.0,1.0,0.0,0.0,0.0,0.0,0.0,0.0,0.0,2600.0,320.0,0.35,42
439,dataset\train\reference\00439.png,dataset\train\search\00439.png,774.4,504.5,724.4,454.5,100,100,dram_loose,5.0,10.0,2000.0,200.0,1.5,0.5,1.0,0.0,1.0,0.0,0.0,0.0,0.0,0.0,0.0,0.0,2600.0,320.0,0.35,42
440,dataset\train\reference\00440.png,dataset\train\search\00440.png,262.2,579.3,212.2,529.3,100,100,finfet_10nm,5.0,10.0,2000.0,200.0,1.5,0.5,1.0,0.0,1.0,0.0,0.0,0.0,0.0,0.0,0.0,0.0,2600.0,320.0,0.35,42
441,dataset\train\reference\00441.png,dataset\train\search\00441.png,937.2,583.5,887.2,533.5,100,100,dram_loose,5.0,10.0,2000.0,200.0,1.5,0.5,1.0,0.0,1.0,0.0,0.0,0.0,0.0,0.0,0.0,0.0,2600.0,320.0,0.35,42
442,dataset\train\reference\00442.png,dataset\train\search\00442.png,280.0,213.1,230.0,163.1,100,100,dram_loose,5.0,10.0,2000.0,200.0,1.5,0.5,1.0,0.0,1.0,0.0,0.0,0.0,0.0,0.0,0.0,0.0,2600.0,320.0,0.35,42
443,dataset\train\reference\00443.png,dataset\train\search\00443.png,843.4,258.5,793.4,208.5,100,100,finfet_7nm,5.0,10.0,2000.0,200.0,1.5,0.5,1.0,0.0,1.0,0.0,0.0,0.0,0.0,0.0,0.0,0.0,2600.0,320.0,0.35,42
444,dataset\train\reference\00444.png,dataset\train\search\00444.png,732.8,263.4,682.8,213.4,100,100,finfet_10nm,5.0,10.0,2000.0,200.0,1.5,0.5,1.0,0.0,1.0,0.0,0.0,0.0,0.0,0.0,0.0,0.0,2600.0,320.0,0.35,42
445,dataset\train\reference\00445.png,dataset\train\search\00445.png,795.4,478.7,745.4,428.7,100,100,finfet_22nm,5.0,10.0,2000.0,200.0,1.5,0.5,1.0,0.0,1.0,0.0,0.0,0.0,0.0,0.0,0.0,0.0,2600.0,320.0,0.35,42
446,dataset\train\reference\00446.png,dataset\train\search\00446.png,444.2,61.9,394.2,11.9,100,100,finfet_7nm,5.0,10.0,2000.0,200.0,1.5,0.5,1.0,0.0,1.0,0.0,0.0,0.0,0.0,0.0,0.0,0.0,2600.0,320.0,0.35,42
447,dataset\train\reference\00447.png,dataset\train\search\00447.png,845.4,846.6,795.4,796.6,100,100,dram_legacy,5.0,10.0,2000.0,200.0,1.5,0.5,1.0,0.0,1.0,0.0,0.0,0.0,0.0,0.0,0.0,0.0,2600.0,320.0,0.35,42
448,dataset\train\reference\00448.png,dataset\train\search\00448.png,882.8,726.7,832.8,676.7,100,100,finfet_28nm,5.0,10.0,2000.0,200.0,1.5,0.5,1.0,0.0,1.0,0.0,0.0,0.0,0.0,0.0,0.0,0.0,2600.0,320.0,0.35,42
449,dataset\train\reference\00449.png,dataset\train\search\00449.png,120.1,897.7,70.1,847.7,100,100,dram_wide,5.0,10.0,2000.0,200.0,1.5,0.5,1.0,0.0,1.0,0.0,0.0,0.0,0.0,0.0,0.0,0.0,2600.0,320.0,0.35,42
450,dataset\train\reference\00450.png,dataset\train\search\00450.png,644.7,850.9,594.7,800.9,100,100,finfet_7nm,5.0,10.0,2000.0,200.0,1.5,0.5,1.0,0.0,1.0,0.0,0.0,0.0,0.0,0.0,0.0,0.0,2600.0,320.0,0.35,42
451,dataset\train\reference\00451.png,dataset\train\search\00451.png,588.5,928.8,538.5,878.8,100,100,finfet_10nm,5.0,10.0,2000.0,200.0,1.5,0.5,1.0,0.0,1.0,0.0,0.0,0.0,0.0,0.0,0.0,0.0,2600.0,320.0,0.35,42
452,dataset\train\reference\00452.png,dataset\train\search\00452.png,927.9,268.6,877.9,218.6,100,100,dram_dense,5.0,10.0,2000.0,200.0,1.5,0.5,1.0,0.0,1.0,0.0,0.0,0.0,0.0,0.0,0.0,0.0,2600.0,320.0,0.35,42
453,dataset\train\reference\00453.png,dataset\train\search\00453.png,555.6,262.3,505.6,212.3,100,100,finfet_45nm,5.0,10.0,2000.0,200.0,1.5,0.5,1.0,0.0,1.0,0.0,0.0,0.0,0.0,0.0,0.0,0.0,2600.0,320.0,0.35,42
454,dataset\train\reference\00454.png,dataset\train\search\00454.png,342.4,678.5,292.4,628.5,100,100,finfet_45nm,5.0,10.0,2000.0,200.0,1.5,0.5,1.0,0.0,1.0,0.0,0.0,0.0,0.0,0.0,0.0,0.0,2600.0,320.0,0.35,42
455,dataset\train\reference\00455.png,dataset\train\search\00455.png,264.5,896.9,214.5,846.9,100,100,dram_dense,5.0,10.0,2000.0,200.0,1.5,0.5,1.0,0.0,1.0,0.0,0.0,0.0,0.0,0.0,0.0,0.0,2600.0,320.0,0.35,42
456,dataset\train\reference\00456.png,dataset\train\search\00456.png,916.0,858.1,866.0,808.1,100,100,finfet_7nm,5.0,10.0,2000.0,200.0,1.5,0.5,1.0,0.0,1.0,0.0,0.0,0.0,0.0,0.0,0.0,0.0,2600.0,320.0,0.35,42
457,dataset\train\reference\00457.png,dataset\train\search\00457.png,294.4,817.7,244.4,767.7,100,100,dram_1x,5.0,10.0,2000.0,200.0,1.5,0.5,1.0,0.0,1.0,0.0,0.0,0.0,0.0,0.0,0.0,0.0,2600.0,320.0,0.35,42
458,dataset\train\reference\00458.png,dataset\train\search\00458.png,79.1,539.1,29.1,489.1,100,100,dram_compact,5.0,10.0,2000.0,200.0,1.5,0.5,1.0,0.0,1.0,0.0,0.0,0.0,0.0,0.0,0.0,0.0,2600.0,320.0,0.35,42
459,dataset\train\reference\00459.png,dataset\train\search\00459.png,736.9,495.8,686.9,445.8,100,100,finfet_22nm,5.0,10.0,2000.0,200.0,1.5,0.5,1.0,0.0,1.0,0.0,0.0,0.0,0.0,0.0,0.0,0.0,2600.0,320.0,0.35,42
460,dataset\train\reference\00460.png,dataset\train\search\00460.png,511.5,81.2,461.5,31.2,100,100,dram_1x,5.0,10.0,2000.0,200.0,1.5,0.5,1.0,0.0,1.0,0.0,0.0,0.0,0.0,0.0,0.0,0.0,2600.0,320.0,0.35,42
461,dataset\train\reference\00461.png,dataset\train\search\00461.png,286.6,707.3,236.6,657.3,100,100,dram_loose,5.0,10.0,2000.0,200.0,1.5,0.5,1.0,0.0,1.0,0.0,0.0,0.0,0.0,0.0,0.0,0.0,2600.0,320.0,0.35,42
462,dataset\train\reference\00462.png,dataset\train\search\00462.png,371.0,150.1,321.0,100.1,100,100,dram_compact,5.0,10.0,2000.0,200.0,1.5,0.5,1.0,0.0,1.0,0.0,0.0,0.0,0.0,0.0,0.0,0.0,2600.0,320.0,0.35,42
463,dataset\train\reference\00463.png,dataset\train\search\00463.png,414.4,117.7,364.4,67.7,100,100,finfet_28nm,5.0,10.0,2000.0,200.0,1.5,0.5,1.0,0.0,1.0,0.0,0.0,0.0,0.0,0.0,0.0,0.0,2600.0,320.0,0.35,42
464,dataset\train\reference\00464.png,dataset\train\search\00464.png,57.2,517.1,7.2,467.1,100,100,finfet_28nm,5.0,10.0,2000.0,200.0,1.5,0.5,1.0,0.0,1.0,0.0,0.0,0.0,0.0,0.0,0.0,0.0,2600.0,320.0,0.35,42
465,dataset\train\reference\00465.png,dataset\train\search\00465.png,910.4,90.5,860.4,40.5,100,100,dram_legacy,5.0,10.0,2000.0,200.0,1.5,0.5,1.0,0.0,1.0,0.0,0.0,0.0,0.0,0.0,0.0,0.0,2600.0,320.0,0.35,42
466,dataset\train\reference\00466.png,dataset\train\search\00466.png,861.3,923.3,811.3,873.3,100,100,finfet_14nm,5.0,10.0,2000.0,200.0,1.5,0.5,1.0,0.0,1.0,0.0,0.0,0.0,0.0,0.0,0.0,0.0,2600.0,320.0,0.35,42
467,dataset\train\reference\00467.png,dataset\train\search\00467.png,858.7,270.2,808.7,220.2,100,100,finfet_22nm,5.0,10.0,2000.0,200.0,1.5,0.5,1.0,0.0,1.0,0.0,0.0,0.0,0.0,0.0,0.0,0.0,2600.0,320.0,0.35,42
468,dataset\train\reference\00468.png,dataset\train\search\00468.png,930.4,770.0,880.4,720.0,100,100,finfet_14nm,5.0,10.0,2000.0,200.0,1.5,0.5,1.0,0.0,1.0,0.0,0.0,0.0,0.0,0.0,0.0,0.0,2600.0,320.0,0.35,42
469,dataset\train\reference\00469.png,dataset\train\search\00469.png,879.9,437.6,829.9,387.6,100,100,dram_legacy,5.0,10.0,2000.0,200.0,1.5,0.5,1.0,0.0,1.0,0.0,0.0,0.0,0.0,0.0,0.0,0.0,2600.0,320.0,0.35,42
470,dataset\train\reference\00470.png,dataset\train\search\00470.png,857.5,392.2,807.5,342.2,100,100,dram_1x,5.0,10.0,2000.0,200.0,1.5,0.5,1.0,0.0,1.0,0.0,0.0,0.0,0.0,0.0,0.0,0.0,2600.0,320.0,0.35,42
471,dataset\train\reference\00471.png,dataset\train\search\00471.png,234.2,325.9,184.2,275.9,100,100,dram_1x,5.0,10.0,2000.0,200.0,1.5,0.5,1.0,0.0,1.0,0.0,0.0,0.0,0.0,0.0,0.0,0.0,2600.0,320.0,0.35,42
472,dataset\train\reference\00472.png,dataset\train\search\00472.png,860.7,288.7,810.7,238.7,100,100,dram_compact,5.0,10.0,2000.0,200.0,1.5,0.5,1.0,0.0,1.0,0.0,0.0,0.0,0.0,0.0,0.0,0.0,2600.0,320.0,0.35,42
473,dataset\train\reference\00473.png,dataset\train\search\00473.png,195.1,869.5,145.1,819.5,100,100,dram_loose,5.0,10.0,2000.0,200.0,1.5,0.5,1.0,0.0,1.0,0.0,0.0,0.0,0.0,0.0,0.0,0.0,2600.0,320.0,0.35,42
474,dataset\train\reference\00474.png,dataset\train\search\00474.png,367.5,714.5,317.5,664.5,100,100,dram_compact,5.0,10.0,2000.0,200.0,1.5,0.5,1.0,0.0,1.0,0.0,0.0,0.0,0.0,0.0,0.0,0.0,2600.0,320.0,0.35,42
475,dataset\train\reference\00475.png,dataset\train\search\00475.png,902.8,642.1,852.8,592.1,100,100,finfet_45nm,5.0,10.0,2000.0,200.0,1.5,0.5,1.0,0.0,1.0,0.0,0.0,0.0,0.0,0.0,0.0,0.0,2600.0,320.0,0.35,42
476,dataset\train\reference\00476.png,dataset\train\search\00476.png,859.8,699.0,809.8,649.0,100,100,finfet_22nm,5.0,10.0,2000.0,200.0,1.5,0.5,1.0,0.0,1.0,0.0,0.0,0.0,0.0,0.0,0.0,0.0,2600.0,320.0,0.35,42
477,dataset\train\reference\00477.png,dataset\train\search\00477.png,204.4,821.8,154.4,771.8,100,100,finfet_7nm,5.0,10.0,2000.0,200.0,1.5,0.5,1.0,0.0,1.0,0.0,0.0,0.0,0.0,0.0,0.0,0.0,2600.0,320.0,0.35,42
478,dataset\train\reference\00478.png,dataset\train\search\00478.png,307.5,261.9,257.5,211.9,100,100,dram_compact,5.0,10.0,2000.0,200.0,1.5,0.5,1.0,0.0,1.0,0.0,0.0,0.0,0.0,0.0,0.0,0.0,2600.0,320.0,0.35,42
479,dataset\train\reference\00479.png,dataset\train\search\00479.png,703.4,271.5,653.4,221.5,100,100,dram_wide,5.0,10.0,2000.0,200.0,1.5,0.5,1.0,0.0,1.0,0.0,0.0,0.0,0.0,0.0,0.0,0.0,2600.0,320.0,0.35,42
480,dataset\train\reference\00480.png,dataset\train\search\00480.png,198.3,896.5,148.3,846.5,100,100,dram_loose,5.0,10.0,2000.0,200.0,1.5,0.5,1.0,0.0,1.0,0.0,0.0,0.0,0.0,0.0,0.0,0.0,2600.0,320.0,0.35,42
481,dataset\train\reference\00481.png,dataset\train\search\00481.png,69.5,552.4,19.5,502.4,100,100,dram_compact,5.0,10.0,2000.0,200.0,1.5,0.5,1.0,0.0,1.0,0.0,0.0,0.0,0.0,0.0,0.0,0.0,2600.0,320.0,0.35,42
482,dataset\train\reference\00482.png,dataset\train\search\00482.png,539.3,74.8,489.3,24.8,100,100,finfet_14nm,5.0,10.0,2000.0,200.0,1.5,0.5,1.0,0.0,1.0,0.0,0.0,0.0,0.0,0.0,0.0,0.0,2600.0,320.0,0.35,42
483,dataset\train\reference\00483.png,dataset\train\search\00483.png,771.4,218.4,721.4,168.4,100,100,finfet_22nm,5.0,10.0,2000.0,200.0,1.5,0.5,1.0,0.0,1.0,0.0,0.0,0.0,0.0,0.0,0.0,0.0,2600.0,320.0,0.35,42
484,dataset\train\reference\00484.png,dataset\train\search\00484.png,717.2,547.8,667.2,497.8,100,100,finfet_28nm,5.0,10.0,2000.0,200.0,1.5,0.5,1.0,0.0,1.0,0.0,0.0,0.0,0.0,0.0,0.0,0.0,2600.0,320.0,0.35,42
485,dataset\train\reference\00485.png,dataset\train\search\00485.png,882.7,145.9,832.7,95.9,100,100,finfet_7nm,5.0,10.0,2000.0,200.0,1.5,0.5,1.0,0.0,1.0,0.0,0.0,0.0,0.0,0.0,0.0,0.0,2600.0,320.0,0.35,42
486,dataset\train\reference\00486.png,dataset\train\search\00486.png,920.5,575.2,870.5,525.2,100,100,dram_dense,5.0,10.0,2000.0,200.0,1.5,0.5,1.0,0.0,1.0,0.0,0.0,0.0,0.0,0.0,0.0,0.0,2600.0,320.0,0.35,42
487,dataset\train\reference\00487.png,dataset\train\search\00487.png,108.9,136.5,58.9,86.5,100,100,dram_compact,5.0,10.0,2000.0,200.0,1.5,0.5,1.0,0.0,1.0,0.0,0.0,0.0,0.0,0.0,0.0,0.0,2600.0,320.0,0.35,42
488,dataset\train\reference\00488.png,dataset\train\search\00488.png,703.1,721.9,653.1,671.9,100,100,dram_legacy,5.0,10.0,2000.0,200.0,1.5,0.5,1.0,0.0,1.0,0.0,0.0,0.0,0.0,0.0,0.0,0.0,2600.0,320.0,0.35,42
489,dataset\train\reference\00489.png,dataset\train\search\00489.png,577.5,413.2,527.5,363.2,100,100,dram_dense,5.0,10.0,2000.0,200.0,1.5,0.5,1.0,0.0,1.0,0.0,0.0,0.0,0.0,0.0,0.0,0.0,2600.0,320.0,0.35,42
490,dataset\train\reference\00490.png,dataset\train\search\00490.png,847.9,142.4,797.9,92.4,100,100,dram_1x,5.0,10.0,2000.0,200.0,1.5,0.5,1.0,0.0,1.0,0.0,0.0,0.0,0.0,0.0,0.0,0.0,2600.0,320.0,0.35,42
491,dataset\train\reference\00491.png,dataset\train\search\00491.png,859.4,278.2,809.4,228.2,100,100,dram_1x,5.0,10.0,2000.0,200.0,1.5,0.5,1.0,0.0,1.0,0.0,0.0,0.0,0.0,0.0,0.0,0.0,2600.0,320.0,0.35,42
492,dataset\train\reference\00492.png,dataset\train\search\00492.png,586.6,562.4,536.6,512.4,100,100,finfet_7nm,5.0,10.0,2000.0,200.0,1.5,0.5,1.0,0.0,1.0,0.0,0.0,0.0,0.0,0.0,0.0,0.0,2600.0,320.0,0.35,42
493,dataset\train\reference\00493.png,dataset\train\search\00493.png,62.3,767.5,12.3,717.5,100,100,finfet_28nm,5.0,10.0,2000.0,200.0,1.5,0.5,1.0,0.0,1.0,0.0,0.0,0.0,0.0,0.0,0.0,0.0,2600.0,320.0,0.35,42
494,dataset\train\reference\00494.png,dataset\train\search\00494.png,439.0,248.6,389.0,198.6,100,100,finfet_45nm,5.0,10.0,2000.0,200.0,1.5,0.5,1.0,0.0,1.0,0.0,0.0,0.0,0.0,0.0,0.0,0.0,2600.0,320.0,0.35,42
495,dataset\train\reference\00495.png,dataset\train\search\00495.png,937.0,224.8,887.0,174.8,100,100,dram_loose,5.0,10.0,2000.0,200.0,1.5,0.5,1.0,0.0,1.0,0.0,0.0,0.0,0.0,0.0,0.0,0.0,2600.0,320.0,0.35,42
496,dataset\train\reference\00496.png,dataset\train\search\00496.png,139.6,286.0,89.6,236.0,100,100,dram_wide,5.0,10.0,2000.0,200.0,1.5,0.5,1.0,0.0,1.0,0.0,0.0,0.0,0.0,0.0,0.0,0.0,2600.0,320.0,0.35,42
497,dataset\train\reference\00497.png,dataset\train\search\00497.png,559.4,590.7,509.4,540.7,100,100,finfet_14nm,5.0,10.0,2000.0,200.0,1.5,0.5,1.0,0.0,1.0,0.0,0.0,0.0,0.0,0.0,0.0,0.0,2600.0,320.0,0.35,42
498,dataset\train\reference\00498.png,dataset\train\search\00498.png,363.0,888.9,313.0,838.9,100,100,dram_legacy,5.0,10.0,2000.0,200.0,1.5,0.5,1.0,0.0,1.0,0.0,0.0,0.0,0.0,0.0,0.0,0.0,2600.0,320.0,0.35,42
499,dataset\train\reference\00499.png,dataset\train\search\00499.png,175.3,472.2,125.3,422.2,100,100,dram_loose,5.0,10.0,2000.0,200.0,1.5,0.5,1.0,0.0,1.0,0.0,0.0,0.0,0.0,0.0,0.0,0.0,2600.0,320.0,0.35,42
500,dataset\train\reference\00500.png,dataset\train\search\00500.png,727.2,485.6,677.2,435.6,100,100,finfet_14nm,5.0,10.0,2000.0,200.0,1.5,0.5,1.0,0.0,1.0,0.0,0.0,0.0,0.0,0.0,0.0,0.0,2600.0,320.0,0.35,42
501,dataset\train\reference\00501.png,dataset\train\search\00501.png,875.9,864.1,825.9,814.1,100,100,finfet_14nm,5.0,10.0,2000.0,200.0,1.5,0.5,1.0,0.0,1.0,0.0,0.0,0.0,0.0,0.0,0.0,0.0,2600.0,320.0,0.35,42
502,dataset\train\reference\00502.png,dataset\train\search\00502.png,283.2,139.9,233.2,89.9,100,100,dram_legacy,5.0,10.0,2000.0,200.0,1.5,0.5,1.0,0.0,1.0,0.0,0.0,0.0,0.0,0.0,0.0,0.0,2600.0,320.0,0.35,42
503,dataset\train\reference\00503.png,dataset\train\search\00503.png,922.2,236.0,872.2,186.0,100,100,finfet_10nm,5.0,10.0,2000.0,200.0,1.5,0.5,1.0,0.0,1.0,0.0,0.0,0.0,0.0,0.0,0.0,0.0,2600.0,320.0,0.35,42
504,dataset\train\reference\00504.png,dataset\train\search\00504.png,585.2,113.2,535.2,63.2,100,100,finfet_45nm,5.0,10.0,2000.0,200.0,1.5,0.5,1.0,0.0,1.0,0.0,0.0,0.0,0.0,0.0,0.0,0.0,2600.0,320.0,0.35,42
505,dataset\train\reference\00505.png,dataset\train\search\00505.png,690.3,550.0,640.3,500.0,100,100,finfet_28nm,5.0,10.0,2000.0,200.0,1.5,0.5,1.0,0.0,1.0,0.0,0.0,0.0,0.0,0.0,0.0,0.0,2600.0,320.0,0.35,42
506,dataset\train\reference\00506.png,dataset\train\search\00506.png,835.0,550.8,785.0,500.8,100,100,finfet_7nm,5.0,10.0,2000.0,200.0,1.5,0.5,1.0,0.0,1.0,0.0,0.0,0.0,0.0,0.0,0.0,0.0,2600.0,320.0,0.35,42
507,dataset\train\reference\00507.png,dataset\train\search\00507.png,216.9,455.4,166.9,405.4,100,100,dram_compact,5.0,10.0,2000.0,200.0,1.5,0.5,1.0,0.0,1.0,0.0,0.0,0.0,0.0,0.0,0.0,0.0,2600.0,320.0,0.35,42
508,dataset\train\reference\00508.png,dataset\train\search\00508.png,919.1,566.3,869.1,516.3,100,100,finfet_14nm,5.0,10.0,2000.0,200.0,1.5,0.5,1.0,0.0,1.0,0.0,0.0,0.0,0.0,0.0,0.0,0.0,2600.0,320.0,0.35,42
509,dataset\train\reference\00509.png,dataset\train\search\00509.png,481.1,297.5,431.1,247.5,100,100,dram_dense,5.0,10.0,2000.0,200.0,1.5,0.5,1.0,0.0,1.0,0.0,0.0,0.0,0.0,0.0,0.0,0.0,2600.0,320.0,0.35,42
510,dataset\train\reference\00510.png,dataset\train\search\00510.png,848.1,288.2,798.1,238.2,100,100,finfet_14nm,5.0,10.0,2000.0,200.0,1.5,0.5,1.0,0.0,1.0,0.0,0.0,0.0,0.0,0.0,0.0,0.0,2600.0,320.0,0.35,42
511,dataset\train\reference\00511.png,dataset\train\search\00511.png,864.4,854.6,814.4,804.6,100,100,dram_wide,5.0,10.0,2000.0,200.0,1.5,0.5,1.0,0.0,1.0,0.0,0.0,0.0,0.0,0.0,0.0,0.0,2600.0,320.0,0.35,42
512,dataset\train\reference\00512.png,dataset\train\search\00512.png,240.8,667.1,190.8,617.1,100,100,dram_wide,5.0,10.0,2000.0,200.0,1.5,0.5,1.0,0.0,1.0,0.0,0.0,0.0,0.0,0.0,0.0,0.0,2600.0,320.0,0.35,42
513,dataset\train\reference\00513.png,dataset\train\search\00513.png,836.6,126.0,786.6,76.0,100,100,dram_dense,5.0,10.0,2000.0,200.0,1.5,0.5,1.0,0.0,1.0,0.0,0.0,0.0,0.0,0.0,0.0,0.0,2600.0,320.0,0.35,42
514,dataset\train\reference\00514.png,dataset\train\search\00514.png,515.7,775.2,465.7,725.2,100,100,finfet_45nm,5.0,10.0,2000.0,200.0,1.5,0.5,1.0,0.0,1.0,0.0,0.0,0.0,0.0,0.0,0.0,0.0,2600.0,320.0,0.35,42
515,dataset\train\reference\00515.png,dataset\train\search\00515.png,257.2,265.5,207.2,215.5,100,100,dram_dense,5.0,10.0,2000.0,200.0,1.5,0.5,1.0,0.0,1.0,0.0,0.0,0.0,0.0,0.0,0.0,0.0,2600.0,320.0,0.35,42
516,dataset\train\reference\00516.png,dataset\train\search\00516.png,353.9,673.1,303.9,623.1,100,100,finfet_7nm,5.0,10.0,2000.0,200.0,1.5,0.5,1.0,0.0,1.0,0.0,0.0,0.0,0.0,0.0,0.0,0.0,2600.0,320.0,0.35,42
517,dataset\train\reference\00517.png,dataset\train\search\00517.png,649.2,290.2,599.2,240.2,100,100,finfet_10nm,5.0,10.0,2000.0,200.0,1.5,0.5,1.0,0.0,1.0,0.0,0.0,0.0,0.0,0.0,0.0,0.0,2600.0,320.0,0.35,42
518,dataset\train\reference\00518.png,dataset\train\search\00518.png,237.0,770.4,187.0,720.4,100,100,dram_compact,5.0,10.0,2000.0,200.0,1.5,0.5,1.0,0.0,1.0,0.0,0.0,0.0,0.0,0.0,0.0,0.0,2600.0,320.0,0.35,42
519,dataset\train\reference\00519.png,dataset\train\search\00519.png,529.0,291.2,479.0,241.2,100,100,dram_compact,5.0,10.0,2000.0,200.0,1.5,0.5,1.0,0.0,1.0,0.0,0.0,0.0,0.0,0.0,0.0,0.0,2600.0,320.0,0.35,42
520,dataset\train\reference\00520.png,dataset\train\search\00520.png,290.3,732.4,240.3,682.4,100,100,finfet_7nm,5.0,10.0,2000.0,200.0,1.5,0.5,1.0,0.0,1.0,0.0,0.0,0.0,0.0,0.0,0.0,0.0,2600.0,320.0,0.35,42
521,dataset\train\reference\00521.png,dataset\train\search\00521.png,270.4,727.6,220.4,677.6,100,100,dram_compact,5.0,10.0,2000.0,200.0,1.5,0.5,1.0,0.0,1.0,0.0,0.0,0.0,0.0,0.0,0.0,0.0,2600.0,320.0,0.35,42
522,dataset\train\reference\00522.png,dataset\train\search\00522.png,173.3,760.5,123.3,710.5,100,100,finfet_22nm,5.0,10.0,2000.0,200.0,1.5,0.5,1.0,0.0,1.0,0.0,0.0,0.0,0.0,0.0,0.0,0.0,2600.0,320.0,0.35,42
523,dataset\train\reference\00523.png,dataset\train\search\00523.png,938.9,440.2,888.9,390.2,100,100,finfet_7nm,5.0,10.0,2000.0,200.0,1.5,0.5,1.0,0.0,1.0,0.0,0.0,0.0,0.0,0.0,0.0,0.0,2600.0,320.0,0.35,42
524,dataset\train\reference\00524.png,dataset\train\search\00524.png,155.8,513.2,105.8,463.2,100,100,dram_legacy,5.0,10.0,2000.0,200.0,1.5,0.5,1.0,0.0,1.0,0.0,0.0,0.0,0.0,0.0,0.0,0.0,2600.0,320.0,0.35,42
525,dataset\train\reference\00525.png,dataset\train\search\00525.png,914.0,266.8,864.0,216.8,100,100,finfet_10nm,5.0,10.0,2000.0,200.0,1.5,0.5,1.0,0.0,1.0,0.0,0.0,0.0,0.0,0.0,0.0,0.0,2600.0,320.0,0.35,42
526,dataset\train\reference\00526.png,dataset\train\search\00526.png,613.4,160.8,563.4,110.8,100,100,dram_1x,5.0,10.0,2000.0,200.0,1.5,0.5,1.0,0.0,1.0,0.0,0.0,0.0,0.0,0.0,0.0,0.0,2600.0,320.0,0.35,42
527,dataset\train\reference\00527.png,dataset\train\search\00527.png,569.5,496.8,519.5,446.8,100,100,finfet_7nm,5.0,10.0,2000.0,200.0,1.5,0.5,1.0,0.0,1.0,0.0,0.0,0.0,0.0,0.0,0.0,0.0,2600.0,320.0,0.35,42
528,dataset\train\reference\00528.png,dataset\train\search\00528.png,85.2,93.4,35.2,43.4,100,100,dram_wide,5.0,10.0,2000.0,200.0,1.5,0.5,1.0,0.0,1.0,0.0,0.0,0.0,0.0,0.0,0.0,0.0,2600.0,320.0,0.35,42
529,dataset\train\reference\00529.png,dataset\train\search\00529.png,636.3,151.7,586.3,101.7,100,100,dram_compact,5.0,10.0,2000.0,200.0,1.5,0.5,1.0,0.0,1.0,0.0,0.0,0.0,0.0,0.0,0.0,0.0,2600.0,320.0,0.35,42
530,dataset\train\reference\00530.png,dataset\train\search\00530.png,250.8,208.8,200.8,158.8,100,100,finfet_22nm,5.0,10.0,2000.0,200.0,1.5,0.5,1.0,0.0,1.0,0.0,0.0,0.0,0.0,0.0,0.0,0.0,2600.0,320.0,0.35,42
531,dataset\train\reference\00531.png,dataset\train\search\00531.png,589.4,694.0,539.4,644.0,100,100,finfet_45nm,5.0,10.0,2000.0,200.0,1.5,0.5,1.0,0.0,1.0,0.0,0.0,0.0,0.0,0.0,0.0,0.0,2600.0,320.0,0.35,42
532,dataset\train\reference\00532.png,dataset\train\search\00532.png,430.9,850.8,380.9,800.8,100,100,finfet_45nm,5.0,10.0,2000.0,200.0,1.5,0.5,1.0,0.0,1.0,0.0,0.0,0.0,0.0,0.0,0.0,0.0,2600.0,320.0,0.35,42
533,dataset\train\reference\00533.png,dataset\train\search\00533.png,876.7,331.6,826.7,281.6,100,100,dram_dense,5.0,10.0,2000.0,200.0,1.5,0.5,1.0,0.0,1.0,0.0,0.0,0.0,0.0,0.0,0.0,0.0,2600.0,320.0,0.35,42
534,dataset\train\reference\00534.png,dataset\train\search\00534.png,299.2,421.7,249.2,371.7,100,100,dram_compact,5.0,10.0,2000.0,200.0,1.5,0.5,1.0,0.0,1.0,0.0,0.0,0.0,0.0,0.0,0.0,0.0,2600.0,320.0,0.35,42
535,dataset\train\reference\00535.png,dataset\train\search\00535.png,192.6,481.0,142.6,431.0,100,100,dram_1x,5.0,10.0,2000.0,200.0,1.5,0.5,1.0,0.0,1.0,0.0,0.0,0.0,0.0,0.0,0.0,0.0,2600.0,320.0,0.35,42
536,dataset\train\reference\00536.png,dataset\train\search\00536.png,128.3,591.4,78.3,541.4,100,100,dram_loose,5.0,10.0,2000.0,200.0,1.5,0.5,1.0,0.0,1.0,0.0,0.0,0.0,0.0,0.0,0.0,0.0,2600.0,320.0,0.35,42
537,dataset\train\reference\00537.png,dataset\train\search\00537.png,638.1,349.6,588.1,299.6,100,100,finfet_22nm,5.0,10.0,2000.0,200.0,1.5,0.5,1.0,0.0,1.0,0.0,0.0,0.0,0.0,0.0,0.0,0.0,2600.0,320.0,0.35,42
538,dataset\train\reference\00538.png,dataset\train\search\00538.png,424.3,555.9,374.3,505.9,100,100,finfet_22nm,5.0,10.0,2000.0,200.0,1.5,0.5,1.0,0.0,1.0,0.0,0.0,0.0,0.0,0.0,0.0,0.0,2600.0,320.0,0.35,42
539,dataset\train\reference\00539.png,dataset\train\search\00539.png,294.1,414.1,244.1,364.1,100,100,dram_legacy,5.0,10.0,2000.0,200.0,1.5,0.5,1.0,0.0,1.0,0.0,0.0,0.0,0.0,0.0,0.0,0.0,2600.0,320.0,0.35,42
540,dataset\train\reference\00540.png,dataset\train\search\00540.png,932.8,573.0,882.8,523.0,100,100,dram_1x,5.0,10.0,2000.0,200.0,1.5,0.5,1.0,0.0,1.0,0.0,0.0,0.0,0.0,0.0,0.0,0.0,2600.0,320.0,0.35,42
541,dataset\train\reference\00541.png,dataset\train\search\00541.png,688.4,92.3,638.4,42.3,100,100,finfet_10nm,5.0,10.0,2000.0,200.0,1.5,0.5,1.0,0.0,1.0,0.0,0.0,0.0,0.0,0.0,0.0,0.0,2600.0,320.0,0.35,42
542,dataset\train\reference\00542.png,dataset\train\search\00542.png,557.2,695.8,507.2,645.8,100,100,dram_compact,5.0,10.0,2000.0,200.0,1.5,0.5,1.0,0.0,1.0,0.0,0.0,0.0,0.0,0.0,0.0,0.0,2600.0,320.0,0.35,42
543,dataset\train\reference\00543.png,dataset\train\search\00543.png,810.3,699.8,760.3,649.8,100,100,dram_loose,5.0,10.0,2000.0,200.0,1.5,0.5,1.0,0.0,1.0,0.0,0.0,0.0,0.0,0.0,0.0,0.0,2600.0,320.0,0.35,42
544,dataset\train\reference\00544.png,dataset\train\search\00544.png,218.9,101.0,168.9,51.0,100,100,dram_wide,5.0,10.0,2000.0,200.0,1.5,0.5,1.0,0.0,1.0,0.0,0.0,0.0,0.0,0.0,0.0,0.0,2600.0,320.0,0.35,42
545,dataset\train\reference\00545.png,dataset\train\search\00545.png,318.0,297.5,268.0,247.5,100,100,dram_loose,5.0,10.0,2000.0,200.0,1.5,0.5,1.0,0.0,1.0,0.0,0.0,0.0,0.0,0.0,0.0,0.0,2600.0,320.0,0.35,42
546,dataset\train\reference\00546.png,dataset\train\search\00546.png,141.7,606.2,91.7,556.2,100,100,finfet_14nm,5.0,10.0,2000.0,200.0,1.5,0.5,1.0,0.0,1.0,0.0,0.0,0.0,0.0,0.0,0.0,0.0,2600.0,320.0,0.35,42
547,dataset\train\reference\00547.png,dataset\train\search\00547.png,866.0,125.6,816.0,75.6,100,100,dram_wide,5.0,10.0,2000.0,200.0,1.5,0.5,1.0,0.0,1.0,0.0,0.0,0.0,0.0,0.0,0.0,0.0,2600.0,320.0,0.35,42
548,dataset\train\reference\00548.png,dataset\train\search\00548.png,511.8,807.6,461.8,757.6,100,100,dram_loose,5.0,10.0,2000.0,200.0,1.5,0.5,1.0,0.0,1.0,0.0,0.0,0.0,0.0,0.0,0.0,0.0,2600.0,320.0,0.35,42
549,dataset\train\reference\00549.png,dataset\train\search\00549.png,835.7,132.4,785.7,82.4,100,100,finfet_45nm,5.0,10.0,2000.0,200.0,1.5,0.5,1.0,0.0,1.0,0.0,0.0,0.0,0.0,0.0,0.0,0.0,2600.0,320.0,0.35,42
550,dataset\train\reference\00550.png,dataset\train\search\00550.png,134.6,340.8,84.6,290.8,100,100,finfet_45nm,5.0,10.0,2000.0,200.0,1.5,0.5,1.0,0.0,1.0,0.0,0.0,0.0,0.0,0.0,0.0,0.0,2600.0,320.0,0.35,42
551,dataset\train\reference\00551.png,dataset\train\search\00551.png,90.8,939.9,40.8,889.9,100,100,finfet_7nm,5.0,10.0,2000.0,200.0,1.5,0.5,1.0,0.0,1.0,0.0,0.0,0.0,0.0,0.0,0.0,0.0,2600.0,320.0,0.35,42
552,dataset\train\reference\00552.png,dataset\train\search\00552.png,369.1,590.1,319.1,540.1,100,100,dram_dense,5.0,10.0,2000.0,200.0,1.5,0.5,1.0,0.0,1.0,0.0,0.0,0.0,0.0,0.0,0.0,0.0,2600.0,320.0,0.35,42
553,dataset\train\reference\00553.png,dataset\train\search\00553.png,753.2,684.8,703.2,634.8,100,100,finfet_14nm,5.0,10.0,2000.0,200.0,1.5,0.5,1.0,0.0,1.0,0.0,0.0,0.0,0.0,0.0,0.0,0.0,2600.0,320.0,0.35,42
554,dataset\train\reference\00554.png,dataset\train\search\00554.png,293.8,706.1,243.8,656.1,100,100,dram_compact,5.0,10.0,2000.0,200.0,1.5,0.5,1.0,0.0,1.0,0.0,0.0,0.0,0.0,0.0,0.0,0.0,2600.0,320.0,0.35,42
555,dataset\train\reference\00555.png,dataset\train\search\00555.png,339.6,482.4,289.6,432.4,100,100,dram_wide,5.0,10.0,2000.0,200.0,1.5,0.5,1.0,0.0,1.0,0.0,0.0,0.0,0.0,0.0,0.0,0.0,2600.0,320.0,0.35,42
556,dataset\train\reference\00556.png,dataset\train\search\00556.png,407.1,561.9,357.1,511.9,100,100,finfet_10nm,5.0,10.0,2000.0,200.0,1.5,0.5,1.0,0.0,1.0,0.0,0.0,0.0,0.0,0.0,0.0,0.0,2600.0,320.0,0.35,42
557,dataset\train\reference\00557.png,dataset\train\search\00557.png,573.8,406.3,523.8,356.3,100,100,dram_1x,5.0,10.0,2000.0,200.0,1.5,0.5,1.0,0.0,1.0,0.0,0.0,0.0,0.0,0.0,0.0,0.0,2600.0,320.0,0.35,42
558,dataset\train\reference\00558.png,dataset\train\search\00558.png,691.0,586.8,641.0,536.8,100,100,finfet_22nm,5.0,10.0,2000.0,200.0,1.5,0.5,1.0,0.0,1.0,0.0,0.0,0.0,0.0,0.0,0.0,0.0,2600.0,320.0,0.35,42
559,dataset\train\reference\00559.png,dataset\train\search\00559.png,567.9,276.7,517.9,226.7,100,100,finfet_10nm,5.0,10.0,2000.0,200.0,1.5,0.5,1.0,0.0,1.0,0.0,0.0,0.0,0.0,0.0,0.0,0.0,2600.0,320.0,0.35,42
560,dataset\train\reference\00560.png,dataset\train\search\00560.png,719.4,584.8,669.4,534.8,100,100,finfet_7nm,5.0,10.0,2000.0,200.0,1.5,0.5,1.0,0.0,1.0,0.0,0.0,0.0,0.0,0.0,0.0,0.0,2600.0,320.0,0.35,42
561,dataset\train\reference\00561.png,dataset\train\search\00561.png,272.5,866.2,222.5,816.2,100,100,finfet_28nm,5.0,10.0,2000.0,200.0,1.5,0.5,1.0,0.0,1.0,0.0,0.0,0.0,0.0,0.0,0.0,0.0,2600.0,320.0,0.35,42
562,dataset\train\reference\00562.png,dataset\train\search\00562.png,246.1,150.5,196.1,100.5,100,100,finfet_22nm,5.0,10.0,2000.0,200.0,1.5,0.5,1.0,0.0,1.0,0.0,0.0,0.0,0.0,0.0,0.0,0.0,2600.0,320.0,0.35,42
563,dataset\train\reference\00563.png,dataset\train\search\00563.png,276.0,581.8,226.0,531.8,100,100,dram_loose,5.0,10.0,2000.0,200.0,1.5,0.5,1.0,0.0,1.0,0.0,0.0,0.0,0.0,0.0,0.0,0.0,2600.0,320.0,0.35,42
564,dataset\train\reference\00564.png,dataset\train\search\00564.png,165.2,417.7,115.2,367.7,100,100,finfet_22nm,5.0,10.0,2000.0,200.0,1.5,0.5,1.0,0.0,1.0,0.0,0.0,0.0,0.0,0.0,0.0,0.0,2600.0,320.0,0.35,42
565,dataset\train\reference\00565.png,dataset\train\search\00565.png,595.1,803.5,545.1,753.5,100,100,dram_legacy,5.0,10.0,2000.0,200.0,1.5,0.5,1.0,0.0,1.0,0.0,0.0,0.0,0.0,0.0,0.0,0.0,2600.0,320.0,0.35,42
566,dataset\train\reference\00566.png,dataset\train\search\00566.png,847.1,692.7,797.1,642.7,100,100,finfet_28nm,5.0,10.0,2000.0,200.0,1.5,0.5,1.0,0.0,1.0,0.0,0.0,0.0,0.0,0.0,0.0,0.0,2600.0,320.0,0.35,42
567,dataset\train\reference\00567.png,dataset\train\search\00567.png,932.3,427.1,882.3,377.1,100,100,dram_legacy,5.0,10.0,2000.0,200.0,1.5,0.5,1.0,0.0,1.0,0.0,0.0,0.0,0.0,0.0,0.0,0.0,2600.0,320.0,0.35,42
568,dataset\train\reference\00568.png,dataset\train\search\00568.png,878.2,360.1,828.2,310.1,100,100,dram_loose,5.0,10.0,2000.0,200.0,1.5,0.5,1.0,0.0,1.0,0.0,0.0,0.0,0.0,0.0,0.0,0.0,2600.0,320.0,0.35,42
569,dataset\train\reference\00569.png,dataset\train\search\00569.png,720.7,146.5,670.7,96.5,100,100,finfet_14nm,5.0,10.0,2000.0,200.0,1.5,0.5,1.0,0.0,1.0,0.0,0.0,0.0,0.0,0.0,0.0,0.0,2600.0,320.0,0.35,42
570,dataset\train\reference\00570.png,dataset\train\search\00570.png,700.6,275.0,650.6,225.0,100,100,dram_compact,5.0,10.0,2000.0,200.0,1.5,0.5,1.0,0.0,1.0,0.0,0.0,0.0,0.0,0.0,0.0,0.0,2600.0,320.0,0.35,42
571,dataset\train\reference\00571.png,dataset\train\search\00571.png,249.7,199.8,199.7,149.8,100,100,dram_compact,5.0,10.0,2000.0,200.0,1.5,0.5,1.0,0.0,1.0,0.0,0.0,0.0,0.0,0.0,0.0,0.0,2600.0,320.0,0.35,42
572,dataset\train\reference\00572.png,dataset\train\search\00572.png,915.2,300.1,865.2,250.1,100,100,finfet_14nm,5.0,10.0,2000.0,200.0,1.5,0.5,1.0,0.0,1.0,0.0,0.0,0.0,0.0,0.0,0.0,0.0,2600.0,320.0,0.35,42
573,dataset\train\reference\00573.png,dataset\train\search\00573.png,239.6,846.8,189.6,796.8,100,100,dram_dense,5.0,10.0,2000.0,200.0,1.5,0.5,1.0,0.0,1.0,0.0,0.0,0.0,0.0,0.0,0.0,0.0,2600.0,320.0,0.35,42
574,dataset\train\reference\00574.png,dataset\train\search\00574.png,253.3,875.0,203.3,825.0,100,100,finfet_14nm,5.0,10.0,2000.0,200.0,1.5,0.5,1.0,0.0,1.0,0.0,0.0,0.0,0.0,0.0,0.0,0.0,2600.0,320.0,0.35,42
575,dataset\train\reference\00575.png,dataset\train\search\00575.png,217.8,483.0,167.8,433.0,100,100,dram_wide,5.0,10.0,2000.0,200.0,1.5,0.5,1.0,0.0,1.0,0.0,0.0,0.0,0.0,0.0,0.0,0.0,2600.0,320.0,0.35,42
576,dataset\train\reference\00576.png,dataset\train\search\00576.png,300.5,263.0,250.5,213.0,100,100,finfet_10nm,5.0,10.0,2000.0,200.0,1.5,0.5,1.0,0.0,1.0,0.0,0.0,0.0,0.0,0.0,0.0,0.0,2600.0,320.0,0.35,42
577,dataset\train\reference\00577.png,dataset\train\search\00577.png,602.5,444.9,552.5,394.9,100,100,finfet_14nm,5.0,10.0,2000.0,200.0,1.5,0.5,1.0,0.0,1.0,0.0,0.0,0.0,0.0,0.0,0.0,0.0,2600.0,320.0,0.35,42
578,dataset\train\reference\00578.png,dataset\train\search\00578.png,667.8,684.0,617.8,634.0,100,100,dram_loose,5.0,10.0,2000.0,200.0,1.5,0.5,1.0,0.0,1.0,0.0,0.0,0.0,0.0,0.0,0.0,0.0,2600.0,320.0,0.35,42
579,dataset\train\reference\00579.png,dataset\train\search\00579.png,277.3,320.8,227.3,270.8,100,100,dram_legacy,5.0,10.0,2000.0,200.0,1.5,0.5,1.0,0.0,1.0,0.0,0.0,0.0,0.0,0.0,0.0,0.0,2600.0,320.0,0.35,42
580,dataset\train\reference\00580.png,dataset\train\search\00580.png,853.8,110.1,803.8,60.1,100,100,dram_legacy,5.0,10.0,2000.0,200.0,1.5,0.5,1.0,0.0,1.0,0.0,0.0,0.0,0.0,0.0,0.0,0.0,2600.0,320.0,0.35,42
581,dataset\train\reference\00581.png,dataset\train\search\00581.png,770.2,730.0,720.2,680.0,100,100,finfet_22nm,5.0,10.0,2000.0,200.0,1.5,0.5,1.0,0.0,1.0,0.0,0.0,0.0,0.0,0.0,0.0,0.0,2600.0,320.0,0.35,42
582,dataset\train\reference\00582.png,dataset\train\search\00582.png,268.0,251.4,218.0,201.4,100,100,dram_loose,5.0,10.0,2000.0,200.0,1.5,0.5,1.0,0.0,1.0,0.0,0.0,0.0,0.0,0.0,0.0,0.0,2600.0,320.0,0.35,42
583,dataset\train\reference\00583.png,dataset\train\search\00583.png,728.9,227.9,678.9,177.9,100,100,finfet_45nm,5.0,10.0,2000.0,200.0,1.5,0.5,1.0,0.0,1.0,0.0,0.0,0.0,0.0,0.0,0.0,0.0,2600.0,320.0,0.35,42
584,dataset\train\reference\00584.png,dataset\train\search\00584.png,645.9,586.4,595.9,536.4,100,100,dram_legacy,5.0,10.0,2000.0,200.0,1.5,0.5,1.0,0.0,1.0,0.0,0.0,0.0,0.0,0.0,0.0,0.0,2600.0,320.0,0.35,42
585,dataset\train\reference\00585.png,dataset\train\search\00585.png,539.7,208.9,489.7,158.9,100,100,finfet_10nm,5.0,10.0,2000.0,200.0,1.5,0.5,1.0,0.0,1.0,0.0,0.0,0.0,0.0,0.0,0.0,0.0,2600.0,320.0,0.35,42
586,dataset\train\reference\00586.png,dataset\train\search\00586.png,349.1,379.1,299.1,329.1,100,100,dram_1x,5.0,10.0,2000.0,200.0,1.5,0.5,1.0,0.0,1.0,0.0,0.0,0.0,0.0,0.0,0.0,0.0,2600.0,320.0,0.35,42
587,dataset\train\reference\00587.png,dataset\train\search\00587.png,89.6,399.0,39.6,349.0,100,100,dram_dense,5.0,10.0,2000.0,200.0,1.5,0.5,1.0,0.0,1.0,0.0,0.0,0.0,0.0,0.0,0.0,0.0,2600.0,320.0,0.35,42
588,dataset\train\reference\00588.png,dataset\train\search\00588.png,147.0,362.8,97.0,312.8,100,100,finfet_7nm,5.0,10.0,2000.0,200.0,1.5,0.5,1.0,0.0,1.0,0.0,0.0,0.0,0.0,0.0,0.0,0.0,2600.0,320.0,0.35,42
589,dataset\train\reference\00589.png,dataset\train\search\00589.png,373.8,926.8,323.8,876.8,100,100,dram_legacy,5.0,10.0,2000.0,200.0,1.5,0.5,1.0,0.0,1.0,0.0,0.0,0.0,0.0,0.0,0.0,0.0,2600.0,320.0,0.35,42
590,dataset\train\reference\00590.png,dataset\train\search\00590.png,836.7,427.1,786.7,377.1,100,100,dram_wide,5.0,10.0,2000.0,200.0,1.5,0.5,1.0,0.0,1.0,0.0,0.0,0.0,0.0,0.0,0.0,0.0,2600.0,320.0,0.35,42
591,dataset\train\reference\00591.png,dataset\train\search\00591.png,80.1,835.4,30.1,785.4,100,100,finfet_10nm,5.0,10.0,2000.0,200.0,1.5,0.5,1.0,0.0,1.0,0.0,0.0,0.0,0.0,0.0,0.0,0.0,2600.0,320.0,0.35,42
592,dataset\train\reference\00592.png,dataset\train\search\00592.png,212.1,872.9,162.1,822.9,100,100,finfet_22nm,5.0,10.0,2000.0,200.0,1.5,0.5,1.0,0.0,1.0,0.0,0.0,0.0,0.0,0.0,0.0,0.0,2600.0,320.0,0.35,42
593,dataset\train\reference\00593.png,dataset\train\search\00593.png,803.3,768.2,753.3,718.2,100,100,dram_compact,5.0,10.0,2000.0,200.0,1.5,0.5,1.0,0.0,1.0,0.0,0.0,0.0,0.0,0.0,0.0,0.0,2600.0,320.0,0.35,42
594,dataset\train\reference\00594.png,dataset\train\search\00594.png,930.7,464.5,880.7,414.5,100,100,dram_legacy,5.0,10.0,2000.0,200.0,1.5,0.5,1.0,0.0,1.0,0.0,0.0,0.0,0.0,0.0,0.0,0.0,2600.0,320.0,0.35,42
595,dataset\train\reference\00595.png,dataset\train\search\00595.png,393.6,343.8,343.6,293.8,100,100,dram_compact,5.0,10.0,2000.0,200.0,1.5,0.5,1.0,0.0,1.0,0.0,0.0,0.0,0.0,0.0,0.0,0.0,2600.0,320.0,0.35,42
596,dataset\train\reference\00596.png,dataset\train\search\00596.png,253.7,419.1,203.7,369.1,100,100,dram_wide,5.0,10.0,2000.0,200.0,1.5,0.5,1.0,0.0,1.0,0.0,0.0,0.0,0.0,0.0,0.0,0.0,2600.0,320.0,0.35,42
597,dataset\train\reference\00597.png,dataset\train\search\00597.png,627.5,187.0,577.5,137.0,100,100,dram_1x,5.0,10.0,2000.0,200.0,1.5,0.5,1.0,0.0,1.0,0.0,0.0,0.0,0.0,0.0,0.0,0.0,2600.0,320.0,0.35,42
598,dataset\train\reference\00598.png,dataset\train\search\00598.png,525.7,306.1,475.7,256.1,100,100,dram_compact,5.0,10.0,2000.0,200.0,1.5,0.5,1.0,0.0,1.0,0.0,0.0,0.0,0.0,0.0,0.0,0.0,2600.0,320.0,0.35,42
599,dataset\train\reference\00599.png,dataset\train\search\00599.png,602.9,50.7,552.9,0.7,100,100,dram_compact,5.0,10.0,2000.0,200.0,1.5,0.5,1.0,0.0,1.0,0.0,0.0,0.0,0.0,0.0,0.0,0.0,2600.0,320.0,0.35,42
600,dataset\train\reference\00600.png,dataset\train\search\00600.png,878.3,472.1,828.3,422.1,100,100,finfet_14nm,5.0,10.0,2000.0,200.0,1.5,0.5,1.0,0.0,1.0,0.0,0.0,0.0,0.0,0.0,0.0,0.0,2600.0,320.0,0.35,42
601,dataset\train\reference\00601.png,dataset\train\search\00601.png,852.5,556.0,802.5,506.0,100,100,finfet_7nm,5.0,10.0,2000.0,200.0,1.5,0.5,1.0,0.0,1.0,0.0,0.0,0.0,0.0,0.0,0.0,0.0,2600.0,320.0,0.35,42
602,dataset\train\reference\00602.png,dataset\train\search\00602.png,313.2,824.4,263.2,774.4,100,100,finfet_7nm,5.0,10.0,2000.0,200.0,1.5,0.5,1.0,0.0,1.0,0.0,0.0,0.0,0.0,0.0,0.0,0.0,2600.0,320.0,0.35,42
603,dataset\train\reference\00603.png,dataset\train\search\00603.png,835.0,417.6,785.0,367.6,100,100,dram_wide,5.0,10.0,2000.0,200.0,1.5,0.5,1.0,0.0,1.0,0.0,0.0,0.0,0.0,0.0,0.0,0.0,2600.0,320.0,0.35,42
604,dataset\train\reference\00604.png,dataset\train\search\00604.png,123.2,607.5,73.2,557.5,100,100,finfet_22nm,5.0,10.0,2000.0,200.0,1.5,0.5,1.0,0.0,1.0,0.0,0.0,0.0,0.0,0.0,0.0,0.0,2600.0,320.0,0.35,42
605,dataset\train\reference\00605.png,dataset\train\search\00605.png,809.5,508.3,759.5,458.3,100,100,finfet_10nm,5.0,10.0,2000.0,200.0,1.5,0.5,1.0,0.0,1.0,0.0,0.0,0.0,0.0,0.0,0.0,0.0,2600.0,320.0,0.35,42
606,dataset\train\reference\00606.png,dataset\train\search\00606.png,278.6,633.5,228.6,583.5,100,100,finfet_45nm,5.0,10.0,2000.0,200.0,1.5,0.5,1.0,0.0,1.0,0.0,0.0,0.0,0.0,0.0,0.0,0.0,2600.0,320.0,0.35,42
607,dataset\train\reference\00607.png,dataset\train\search\00607.png,509.6,739.2,459.6,689.2,100,100,finfet_14nm,5.0,10.0,2000.0,200.0,1.5,0.5,1.0,0.0,1.0,0.0,0.0,0.0,0.0,0.0,0.0,0.0,2600.0,320.0,0.35,42
608,dataset\train\reference\00608.png,dataset\train\search\00608.png,315.2,805.1,265.2,755.1,100,100,finfet_10nm,5.0,10.0,2000.0,200.0,1.5,0.5,1.0,0.0,1.0,0.0,0.0,0.0,0.0,0.0,0.0,0.0,2600.0,320.0,0.35,42
609,dataset\train\reference\00609.png,dataset\train\search\00609.png,414.9,883.7,364.9,833.7,100,100,finfet_10nm,5.0,10.0,2000.0,200.0,1.5,0.5,1.0,0.0,1.0,0.0,0.0,0.0,0.0,0.0,0.0,0.0,2600.0,320.0,0.35,42
610,dataset\train\reference\00610.png,dataset\train\search\00610.png,287.6,381.2,237.6,331.2,100,100,finfet_45nm,5.0,10.0,2000.0,200.0,1.5,0.5,1.0,0.0,1.0,0.0,0.0,0.0,0.0,0.0,0.0,0.0,2600.0,320.0,0.35,42
611,dataset\train\reference\00611.png,dataset\train\search\00611.png,473.4,694.7,423.4,644.7,100,100,dram_dense,5.0,10.0,2000.0,200.0,1.5,0.5,1.0,0.0,1.0,0.0,0.0,0.0,0.0,0.0,0.0,0.0,2600.0,320.0,0.35,42
612,dataset\train\reference\00612.png,dataset\train\search\00612.png,243.1,450.2,193.1,400.2,100,100,dram_compact,5.0,10.0,2000.0,200.0,1.5,0.5,1.0,0.0,1.0,0.0,0.0,0.0,0.0,0.0,0.0,0.0,2600.0,320.0,0.35,42
613,dataset\train\reference\00613.png,dataset\train\search\00613.png,883.4,841.1,833.4,791.1,100,100,finfet_28nm,5.0,10.0,2000.0,200.0,1.5,0.5,1.0,0.0,1.0,0.0,0.0,0.0,0.0,0.0,0.0,0.0,2600.0,320.0,0.35,42
614,dataset\train\reference\00614.png,dataset\train\search\00614.png,154.2,842.6,104.2,792.6,100,100,dram_compact,5.0,10.0,2000.0,200.0,1.5,0.5,1.0,0.0,1.0,0.0,0.0,0.0,0.0,0.0,0.0,0.0,2600.0,320.0,0.35,42
615,dataset\train\reference\00615.png,dataset\train\search\00615.png,411.5,255.8,361.5,205.8,100,100,dram_loose,5.0,10.0,2000.0,200.0,1.5,0.5,1.0,0.0,1.0,0.0,0.0,0.0,0.0,0.0,0.0,0.0,2600.0,320.0,0.35,42
616,dataset\train\reference\00616.png,dataset\train\search\00616.png,777.6,634.8,727.6,584.8,100,100,dram_legacy,5.0,10.0,2000.0,200.0,1.5,0.5,1.0,0.0,1.0,0.0,0.0,0.0,0.0,0.0,0.0,0.0,2600.0,320.0,0.35,42
617,dataset\train\reference\00617.png,dataset\train\search\00617.png,360.2,822.9,310.2,772.9,100,100,finfet_7nm,5.0,10.0,2000.0,200.0,1.5,0.5,1.0,0.0,1.0,0.0,0.0,0.0,0.0,0.0,0.0,0.0,2600.0,320.0,0.35,42
618,dataset\train\reference\00618.png,dataset\train\search\00618.png,736.0,212.5,686.0,162.5,100,100,finfet_22nm,5.0,10.0,2000.0,200.0,1.5,0.5,1.0,0.0,1.0,0.0,0.0,0.0,0.0,0.0,0.0,0.0,2600.0,320.0,0.35,42
619,dataset\train\reference\00619.png,dataset\train\search\00619.png,921.5,548.2,871.5,498.2,100,100,finfet_45nm,5.0,10.0,2000.0,200.0,1.5,0.5,1.0,0.0,1.0,0.0,0.0,0.0,0.0,0.0,0.0,0.0,2600.0,320.0,0.35,42
620,dataset\train\reference\00620.png,dataset\train\search\00620.png,487.9,383.3,437.9,333.3,100,100,finfet_14nm,5.0,10.0,2000.0,200.0,1.5,0.5,1.0,0.0,1.0,0.0,0.0,0.0,0.0,0.0,0.0,0.0,2600.0,320.0,0.35,42
621,dataset\train\reference\00621.png,dataset\train\search\00621.png,880.9,735.8,830.9,685.8,100,100,dram_compact,5.0,10.0,2000.0,200.0,1.5,0.5,1.0,0.0,1.0,0.0,0.0,0.0,0.0,0.0,0.0,0.0,2600.0,320.0,0.35,42
622,dataset\train\reference\00622.png,dataset\train\search\00622.png,120.5,304.2,70.5,254.2,100,100,dram_1x,5.0,10.0,2000.0,200.0,1.5,0.5,1.0,0.0,1.0,0.0,0.0,0.0,0.0,0.0,0.0,0.0,2600.0,320.0,0.35,42
623,dataset\train\reference\00623.png,dataset\train\search\00623.png,929.1,281.6,879.1,231.6,100,100,dram_legacy,5.0,10.0,2000.0,200.0,1.5,0.5,1.0,0.0,1.0,0.0,0.0,0.0,0.0,0.0,0.0,0.0,2600.0,320.0,0.35,42
624,dataset\train\reference\00624.png,dataset\train\search\00624.png,161.3,103.7,111.3,53.7,100,100,dram_legacy,5.0,10.0,2000.0,200.0,1.5,0.5,1.0,0.0,1.0,0.0,0.0,0.0,0.0,0.0,0.0,0.0,2600.0,320.0,0.35,42
625,dataset\train\reference\00625.png,dataset\train\search\00625.png,870.9,145.5,820.9,95.5,100,100,finfet_7nm,5.0,10.0,2000.0,200.0,1.5,0.5,1.0,0.0,1.0,0.0,0.0,0.0,0.0,0.0,0.0,0.0,2600.0,320.0,0.35,42
626,dataset\train\reference\00626.png,dataset\train\search\00626.png,250.4,531.7,200.4,481.7,100,100,finfet_10nm,5.0,10.0,2000.0,200.0,1.5,0.5,1.0,0.0,1.0,0.0,0.0,0.0,0.0,0.0,0.0,0.0,2600.0,320.0,0.35,42
627,dataset\train\reference\00627.png,dataset\train\search\00627.png,518.3,428.3,468.3,378.3,100,100,finfet_7nm,5.0,10.0,2000.0,200.0,1.5,0.5,1.0,0.0,1.0,0.0,0.0,0.0,0.0,0.0,0.0,0.0,2600.0,320.0,0.35,42
628,dataset\train\reference\00628.png,dataset\train\search\00628.png,846.7,689.9,796.7,639.9,100,100,dram_wide,5.0,10.0,2000.0,200.0,1.5,0.5,1.0,0.0,1.0,0.0,0.0,0.0,0.0,0.0,0.0,0.0,2600.0,320.0,0.35,42
629,dataset\train\reference\00629.png,dataset\train\search\00629.png,922.9,561.6,872.9,511.6,100,100,dram_compact,5.0,10.0,2000.0,200.0,1.5,0.5,1.0,0.0,1.0,0.0,0.0,0.0,0.0,0.0,0.0,0.0,2600.0,320.0,0.35,42
630,dataset\train\reference\00630.png,dataset\train\search\00630.png,661.6,578.0,611.6,528.0,100,100,finfet_7nm,5.0,10.0,2000.0,200.0,1.5,0.5,1.0,0.0,1.0,0.0,0.0,0.0,0.0,0.0,0.0,0.0,2600.0,320.0,0.35,42
631,dataset\train\reference\00631.png,dataset\train\search\00631.png,323.5,696.9,273.5,646.9,100,100,finfet_14nm,5.0,10.0,2000.0,200.0,1.5,0.5,1.0,0.0,1.0,0.0,0.0,0.0,0.0,0.0,0.0,0.0,2600.0,320.0,0.35,42
632,dataset\train\reference\00632.png,dataset\train\search\00632.png,257.0,590.1,207.0,540.1,100,100,dram_wide,5.0,10.0,2000.0,200.0,1.5,0.5,1.0,0.0,1.0,0.0,0.0,0.0,0.0,0.0,0.0,0.0,2600.0,320.0,0.35,42
633,dataset\train\reference\00633.png,dataset\train\search\00633.png,724.1,573.3,674.1,523.3,100,100,finfet_10nm,5.0,10.0,2000.0,200.0,1.5,0.5,1.0,0.0,1.0,0.0,0.0,0.0,0.0,0.0,0.0,0.0,2600.0,320.0,0.35,42
634,dataset\train\reference\00634.png,dataset\train\search\00634.png,854.4,882.6,804.4,832.6,100,100,finfet_7nm,5.0,10.0,2000.0,200.0,1.5,0.5,1.0,0.0,1.0,0.0,0.0,0.0,0.0,0.0,0.0,0.0,2600.0,320.0,0.35,42
635,dataset\train\reference\00635.png,dataset\train\search\00635.png,105.1,443.0,55.1,393.0,100,100,dram_loose,5.0,10.0,2000.0,200.0,1.5,0.5,1.0,0.0,1.0,0.0,0.0,0.0,0.0,0.0,0.0,0.0,2600.0,320.0,0.35,42
636,dataset\train\reference\00636.png,dataset\train\search\00636.png,552.9,916.2,502.9,866.2,100,100,dram_wide,5.0,10.0,2000.0,200.0,1.5,0.5,1.0,0.0,1.0,0.0,0.0,0.0,0.0,0.0,0.0,0.0,2600.0,320.0,0.35,42
637,dataset\train\reference\00637.png,dataset\train\search\00637.png,731.3,869.7,681.3,819.7,100,100,dram_loose,5.0,10.0,2000.0,200.0,1.5,0.5,1.0,0.0,1.0,0.0,0.0,0.0,0.0,0.0,0.0,0.0,2600.0,320.0,0.35,42
638,dataset\train\reference\00638.png,dataset\train\search\00638.png,858.1,838.1,808.1,788.1,100,100,finfet_45nm,5.0,10.0,2000.0,200.0,1.5,0.5,1.0,0.0,1.0,0.0,0.0,0.0,0.0,0.0,0.0,0.0,2600.0,320.0,0.35,42
639,dataset\train\reference\00639.png,dataset\train\search\00639.png,758.3,580.5,708.3,530.5,100,100,dram_wide,5.0,10.0,2000.0,200.0,1.5,0.5,1.0,0.0,1.0,0.0,0.0,0.0,0.0,0.0,0.0,0.0,2600.0,320.0,0.35,42
640,dataset\train\reference\00640.png,dataset\train\search\00640.png,574.1,877.0,524.1,827.0,100,100,finfet_10nm,5.0,10.0,2000.0,200.0,1.5,0.5,1.0,0.0,1.0,0.0,0.0,0.0,0.0,0.0,0.0,0.0,2600.0,320.0,0.35,42
641,dataset\train\reference\00641.png,dataset\train\search\00641.png,755.1,711.6,705.1,661.6,100,100,finfet_7nm,5.0,10.0,2000.0,200.0,1.5,0.5,1.0,0.0,1.0,0.0,0.0,0.0,0.0,0.0,0.0,0.0,2600.0,320.0,0.35,42
642,dataset\train\reference\00642.png,dataset\train\search\00642.png,441.9,549.8,391.9,499.8,100,100,finfet_14nm,5.0,10.0,2000.0,200.0,1.5,0.5,1.0,0.0,1.0,0.0,0.0,0.0,0.0,0.0,0.0,0.0,2600.0,320.0,0.35,42
643,dataset\train\reference\00643.png,dataset\train\search\00643.png,909.1,536.7,859.1,486.7,100,100,dram_compact,5.0,10.0,2000.0,200.0,1.5,0.5,1.0,0.0,1.0,0.0,0.0,0.0,0.0,0.0,0.0,0.0,2600.0,320.0,0.35,42
644,dataset\train\reference\00644.png,dataset\train\search\00644.png,587.0,856.5,537.0,806.5,100,100,dram_dense,5.0,10.0,2000.0,200.0,1.5,0.5,1.0,0.0,1.0,0.0,0.0,0.0,0.0,0.0,0.0,0.0,2600.0,320.0,0.35,42
645,dataset\train\reference\00645.png,dataset\train\search\00645.png,566.6,709.9,516.6,659.9,100,100,finfet_45nm,5.0,10.0,2000.0,200.0,1.5,0.5,1.0,0.0,1.0,0.0,0.0,0.0,0.0,0.0,0.0,0.0,2600.0,320.0,0.35,42
646,dataset\train\reference\00646.png,dataset\train\search\00646.png,229.4,900.8,179.4,850.8,100,100,finfet_7nm,5.0,10.0,2000.0,200.0,1.5,0.5,1.0,0.0,1.0,0.0,0.0,0.0,0.0,0.0,0.0,0.0,2600.0,320.0,0.35,42
647,dataset\train\reference\00647.png,dataset\train\search\00647.png,53.9,491.0,3.9,441.0,100,100,finfet_22nm,5.0,10.0,2000.0,200.0,1.5,0.5,1.0,0.0,1.0,0.0,0.0,0.0,0.0,0.0,0.0,0.0,2600.0,320.0,0.35,42
648,dataset\train\reference\00648.png,dataset\train\search\00648.png,836.8,122.1,786.8,72.1,100,100,finfet_10nm,5.0,10.0,2000.0,200.0,1.5,0.5,1.0,0.0,1.0,0.0,0.0,0.0,0.0,0.0,0.0,0.0,2600.0,320.0,0.35,42
649,dataset\train\reference\00649.png,dataset\train\search\00649.png,696.8,557.9,646.8,507.9,100,100,finfet_28nm,5.0,10.0,2000.0,200.0,1.5,0.5,1.0,0.0,1.0,0.0,0.0,0.0,0.0,0.0,0.0,0.0,2600.0,320.0,0.35,42
650,dataset\train\reference\00650.png,dataset\train\search\00650.png,191.1,407.3,141.1,357.3,100,100,finfet_28nm,5.0,10.0,2000.0,200.0,1.5,0.5,1.0,0.0,1.0,0.0,0.0,0.0,0.0,0.0,0.0,0.0,2600.0,320.0,0.35,42
651,dataset\train\reference\00651.png,dataset\train\search\00651.png,721.3,163.0,671.3,113.0,100,100,dram_compact,5.0,10.0,2000.0,200.0,1.5,0.5,1.0,0.0,1.0,0.0,0.0,0.0,0.0,0.0,0.0,0.0,2600.0,320.0,0.35,42
652,dataset\train\reference\00652.png,dataset\train\search\00652.png,880.7,397.5,830.7,347.5,100,100,dram_compact,5.0,10.0,2000.0,200.0,1.5,0.5,1.0,0.0,1.0,0.0,0.0,0.0,0.0,0.0,0.0,0.0,2600.0,320.0,0.35,42
653,dataset\train\reference\00653.png,dataset\train\search\00653.png,296.0,676.2,246.0,626.2,100,100,finfet_45nm,5.0,10.0,2000.0,200.0,1.5,0.5,1.0,0.0,1.0,0.0,0.0,0.0,0.0,0.0,0.0,0.0,2600.0,320.0,0.35,42
654,dataset\train\reference\00654.png,dataset\train\search\00654.png,870.4,138.1,820.4,88.1,100,100,dram_legacy,5.0,10.0,2000.0,200.0,1.5,0.5,1.0,0.0,1.0,0.0,0.0,0.0,0.0,0.0,0.0,0.0,2600.0,320.0,0.35,42
655,dataset\train\reference\00655.png,dataset\train\search\00655.png,950.0,263.4,900.0,213.4,100,100,dram_1x,5.0,10.0,2000.0,200.0,1.5,0.5,1.0,0.0,1.0,0.0,0.0,0.0,0.0,0.0,0.0,0.0,2600.0,320.0,0.35,42
656,dataset\train\reference\00656.png,dataset\train\search\00656.png,792.6,459.1,742.6,409.1,100,100,finfet_22nm,5.0,10.0,2000.0,200.0,1.5,0.5,1.0,0.0,1.0,0.0,0.0,0.0,0.0,0.0,0.0,0.0,2600.0,320.0,0.35,42
657,dataset\train\reference\00657.png,dataset\train\search\00657.png,881.7,420.2,831.7,370.2,100,100,dram_compact,5.0,10.0,2000.0,200.0,1.5,0.5,1.0,0.0,1.0,0.0,0.0,0.0,0.0,0.0,0.0,0.0,2600.0,320.0,0.35,42
658,dataset\train\reference\00658.png,dataset\train\search\00658.png,233.1,285.4,183.1,235.4,100,100,finfet_22nm,5.0,10.0,2000.0,200.0,1.5,0.5,1.0,0.0,1.0,0.0,0.0,0.0,0.0,0.0,0.0,0.0,2600.0,320.0,0.35,42
659,dataset\train\reference\00659.png,dataset\train\search\00659.png,758.2,256.3,708.2,206.3,100,100,dram_compact,5.0,10.0,2000.0,200.0,1.5,0.5,1.0,0.0,1.0,0.0,0.0,0.0,0.0,0.0,0.0,0.0,2600.0,320.0,0.35,42
660,dataset\train\reference\00660.png,dataset\train\search\00660.png,255.6,544.5,205.6,494.5,100,100,finfet_22nm,5.0,10.0,2000.0,200.0,1.5,0.5,1.0,0.0,1.0,0.0,0.0,0.0,0.0,0.0,0.0,0.0,2600.0,320.0,0.35,42
661,dataset\train\reference\00661.png,dataset\train\search\00661.png,284.1,252.1,234.1,202.1,100,100,finfet_28nm,5.0,10.0,2000.0,200.0,1.5,0.5,1.0,0.0,1.0,0.0,0.0,0.0,0.0,0.0,0.0,0.0,2600.0,320.0,0.35,42
662,dataset\train\reference\00662.png,dataset\train\search\00662.png,583.9,754.0,533.9,704.0,100,100,finfet_28nm,5.0,10.0,2000.0,200.0,1.5,0.5,1.0,0.0,1.0,0.0,0.0,0.0,0.0,0.0,0.0,0.0,2600.0,320.0,0.35,42
663,dataset\train\reference\00663.png,dataset\train\search\00663.png,836.2,257.0,786.2,207.0,100,100,finfet_28nm,5.0,10.0,2000.0,200.0,1.5,0.5,1.0,0.0,1.0,0.0,0.0,0.0,0.0,0.0,0.0,0.0,2600.0,320.0,0.35,42
664,dataset\train\reference\00664.png,dataset\train\search\00664.png,875.1,110.2,825.1,60.2,100,100,finfet_28nm,5.0,10.0,2000.0,200.0,1.5,0.5,1.0,0.0,1.0,0.0,0.0,0.0,0.0,0.0,0.0,0.0,2600.0,320.0,0.35,42
665,dataset\train\reference\00665.png,dataset\train\search\00665.png,858.8,836.3,808.8,786.3,100,100,finfet_7nm,5.0,10.0,2000.0,200.0,1.5,0.5,1.0,0.0,1.0,0.0,0.0,0.0,0.0,0.0,0.0,0.0,2600.0,320.0,0.35,42
666,dataset\train\reference\00666.png,dataset\train\search\00666.png,565.8,806.1,515.8,756.1,100,100,finfet_28nm,5.0,10.0,2000.0,200.0,1.5,0.5,1.0,0.0,1.0,0.0,0.0,0.0,0.0,0.0,0.0,0.0,2600.0,320.0,0.35,42
667,dataset\train\reference\00667.png,dataset\train\search\00667.png,250.7,530.6,200.7,480.6,100,100,finfet_10nm,5.0,10.0,2000.0,200.0,1.5,0.5,1.0,0.0,1.0,0.0,0.0,0.0,0.0,0.0,0.0,0.0,2600.0,320.0,0.35,42
668,dataset\train\reference\00668.png,dataset\train\search\00668.png,105.5,559.5,55.5,509.5,100,100,finfet_7nm,5.0,10.0,2000.0,200.0,1.5,0.5,1.0,0.0,1.0,0.0,0.0,0.0,0.0,0.0,0.0,0.0,2600.0,320.0,0.35,42
669,dataset\train\reference\00669.png,dataset\train\search\00669.png,154.9,563.4,104.9,513.4,100,100,dram_1x,5.0,10.0,2000.0,200.0,1.5,0.5,1.0,0.0,1.0,0.0,0.0,0.0,0.0,0.0,0.0,0.0,2600.0,320.0,0.35,42
670,dataset\train\reference\00670.png,dataset\train\search\00670.png,443.5,864.6,393.5,814.6,100,100,dram_dense,5.0,10.0,2000.0,200.0,1.5,0.5,1.0,0.0,1.0,0.0,0.0,0.0,0.0,0.0,0.0,0.0,2600.0,320.0,0.35,42
671,dataset\train\reference\00671.png,dataset\train\search\00671.png,768.9,461.2,718.9,411.2,100,100,finfet_45nm,5.0,10.0,2000.0,200.0,1.5,0.5,1.0,0.0,1.0,0.0,0.0,0.0,0.0,0.0,0.0,0.0,2600.0,320.0,0.35,42
672,dataset\train\reference\00672.png,dataset\train\search\00672.png,854.0,259.3,804.0,209.3,100,100,finfet_28nm,5.0,10.0,2000.0,200.0,1.5,0.5,1.0,0.0,1.0,0.0,0.0,0.0,0.0,0.0,0.0,0.0,2600.0,320.0,0.35,42
673,dataset\train\reference\00673.png,dataset\train\search\00673.png,494.2,189.6,444.2,139.6,100,100,dram_loose,5.0,10.0,2000.0,200.0,1.5,0.5,1.0,0.0,1.0,0.0,0.0,0.0,0.0,0.0,0.0,0.0,2600.0,320.0,0.35,42
674,dataset\train\reference\00674.png,dataset\train\search\00674.png,464.1,347.9,414.1,297.9,100,100,dram_loose,5.0,10.0,2000.0,200.0,1.5,0.5,1.0,0.0,1.0,0.0,0.0,0.0,0.0,0.0,0.0,0.0,2600.0,320.0,0.35,42
675,dataset\train\reference\00675.png,dataset\train\search\00675.png,485.7,465.5,435.7,415.5,100,100,finfet_7nm,5.0,10.0,2000.0,200.0,1.5,0.5,1.0,0.0,1.0,0.0,0.0,0.0,0.0,0.0,0.0,0.0,2600.0,320.0,0.35,42
676,dataset\train\reference\00676.png,dataset\train\search\00676.png,140.1,862.3,90.1,812.3,100,100,dram_1x,5.0,10.0,2000.0,200.0,1.5,0.5,1.0,0.0,1.0,0.0,0.0,0.0,0.0,0.0,0.0,0.0,2600.0,320.0,0.35,42
677,dataset\train\reference\00677.png,dataset\train\search\00677.png,567.6,704.1,517.6,654.1,100,100,dram_legacy,5.0,10.0,2000.0,200.0,1.5,0.5,1.0,0.0,1.0,0.0,0.0,0.0,0.0,0.0,0.0,0.0,2600.0,320.0,0.35,42
678,dataset\train\reference\00678.png,dataset\train\search\00678.png,285.1,104.7,235.1,54.7,100,100,dram_dense,5.0,10.0,2000.0,200.0,1.5,0.5,1.0,0.0,1.0,0.0,0.0,0.0,0.0,0.0,0.0,0.0,2600.0,320.0,0.35,42
679,dataset\train\reference\00679.png,dataset\train\search\00679.png,839.6,924.9,789.6,874.9,100,100,dram_dense,5.0,10.0,2000.0,200.0,1.5,0.5,1.0,0.0,1.0,0.0,0.0,0.0,0.0,0.0,0.0,0.0,2600.0,320.0,0.35,42
680,dataset\train\reference\00680.png,dataset\train\search\00680.png,822.2,555.1,772.2,505.1,100,100,dram_compact,5.0,10.0,2000.0,200.0,1.5,0.5,1.0,0.0,1.0,0.0,0.0,0.0,0.0,0.0,0.0,0.0,2600.0,320.0,0.35,42
681,dataset\train\reference\00681.png,dataset\train\search\00681.png,461.9,255.6,411.9,205.6,100,100,finfet_45nm,5.0,10.0,2000.0,200.0,1.5,0.5,1.0,0.0,1.0,0.0,0.0,0.0,0.0,0.0,0.0,0.0,2600.0,320.0,0.35,42
682,dataset\train\reference\00682.png,dataset\train\search\00682.png,561.9,882.1,511.9,832.1,100,100,dram_legacy,5.0,10.0,2000.0,200.0,1.5,0.5,1.0,0.0,1.0,0.0,0.0,0.0,0.0,0.0,0.0,0.0,2600.0,320.0,0.35,42
683,dataset\train\reference\00683.png,dataset\train\search\00683.png,169.9,867.9,119.9,817.9,100,100,dram_compact,5.0,10.0,2000.0,200.0,1.5,0.5,1.0,0.0,1.0,0.0,0.0,0.0,0.0,0.0,0.0,0.0,2600.0,320.0,0.35,42
684,dataset\train\reference\00684.png,dataset\train\search\00684.png,204.9,147.9,154.9,97.9,100,100,finfet_45nm,5.0,10.0,2000.0,200.0,1.5,0.5,1.0,0.0,1.0,0.0,0.0,0.0,0.0,0.0,0.0,0.0,2600.0,320.0,0.35,42
685,dataset\train\reference\00685.png,dataset\train\search\00685.png,276.2,917.1,226.2,867.1,100,100,finfet_7nm,5.0,10.0,2000.0,200.0,1.5,0.5,1.0,0.0,1.0,0.0,0.0,0.0,0.0,0.0,0.0,0.0,2600.0,320.0,0.35,42
686,dataset\train\reference\00686.png,dataset\train\search\00686.png,476.8,904.3,426.8,854.3,100,100,finfet_7nm,5.0,10.0,2000.0,200.0,1.5,0.5,1.0,0.0,1.0,0.0,0.0,0.0,0.0,0.0,0.0,0.0,2600.0,320.0,0.35,42
687,dataset\train\reference\00687.png,dataset\train\search\00687.png,867.1,252.6,817.1,202.6,100,100,finfet_14nm,5.0,10.0,2000.0,200.0,1.5,0.5,1.0,0.0,1.0,0.0,0.0,0.0,0.0,0.0,0.0,0.0,2600.0,320.0,0.35,42
688,dataset\train\reference\00688.png,dataset\train\search\00688.png,284.0,717.7,234.0,667.7,100,100,finfet_10nm,5.0,10.0,2000.0,200.0,1.5,0.5,1.0,0.0,1.0,0.0,0.0,0.0,0.0,0.0,0.0,0.0,2600.0,320.0,0.35,42
689,dataset\train\reference\00689.png,dataset\train\search\00689.png,277.4,899.3,227.4,849.3,100,100,dram_loose,5.0,10.0,2000.0,200.0,1.5,0.5,1.0,0.0,1.0,0.0,0.0,0.0,0.0,0.0,0.0,0.0,2600.0,320.0,0.35,42
690,dataset\train\reference\00690.png,dataset\train\search\00690.png,578.0,284.3,528.0,234.3,100,100,dram_dense,5.0,10.0,2000.0,200.0,1.5,0.5,1.0,0.0,1.0,0.0,0.0,0.0,0.0,0.0,0.0,0.0,2600.0,320.0,0.35,42
691,dataset\train\reference\00691.png,dataset\train\search\00691.png,899.8,223.6,849.8,173.6,100,100,finfet_28nm,5.0,10.0,2000.0,200.0,1.5,0.5,1.0,0.0,1.0,0.0,0.0,0.0,0.0,0.0,0.0,0.0,2600.0,320.0,0.35,42
692,dataset\train\reference\00692.png,dataset\train\search\00692.png,283.7,417.6,233.7,367.6,100,100,finfet_10nm,5.0,10.0,2000.0,200.0,1.5,0.5,1.0,0.0,1.0,0.0,0.0,0.0,0.0,0.0,0.0,0.0,2600.0,320.0,0.35,42
693,dataset\train\reference\00693.png,dataset\train\search\00693.png,696.4,295.3,646.4,245.3,100,100,dram_compact,5.0,10.0,2000.0,200.0,1.5,0.5,1.0,0.0,1.0,0.0,0.0,0.0,0.0,0.0,0.0,0.0,2600.0,320.0,0.35,42
694,dataset\train\reference\00694.png,dataset\train\search\00694.png,60.3,772.7,10.3,722.7,100,100,dram_dense,5.0,10.0,2000.0,200.0,1.5,0.5,1.0,0.0,1.0,0.0,0.0,0.0,0.0,0.0,0.0,0.0,2600.0,320.0,0.35,42
695,dataset\train\reference\00695.png,dataset\train\search\00695.png,280.4,486.9,230.4,436.9,100,100,dram_compact,5.0,10.0,2000.0,200.0,1.5,0.5,1.0,0.0,1.0,0.0,0.0,0.0,0.0,0.0,0.0,0.0,2600.0,320.0,0.35,42
696,dataset\train\reference\00696.png,dataset\train\search\00696.png,830.4,734.5,780.4,684.5,100,100,dram_dense,5.0,10.0,2000.0,200.0,1.5,0.5,1.0,0.0,1.0,0.0,0.0,0.0,0.0,0.0,0.0,0.0,2600.0,320.0,0.35,42
697,dataset\train\reference\00697.png,dataset\train\search\00697.png,92.7,303.5,42.7,253.5,100,100,finfet_45nm,5.0,10.0,2000.0,200.0,1.5,0.5,1.0,0.0,1.0,0.0,0.0,0.0,0.0,0.0,0.0,0.0,2600.0,320.0,0.35,42
698,dataset\train\reference\00698.png,dataset\train\search\00698.png,375.6,596.9,325.6,546.9,100,100,finfet_28nm,5.0,10.0,2000.0,200.0,1.5,0.5,1.0,0.0,1.0,0.0,0.0,0.0,0.0,0.0,0.0,0.0,2600.0,320.0,0.35,42
699,dataset\train\reference\00699.png,dataset\train\search\00699.png,879.1,552.4,829.1,502.4,100,100,dram_legacy,5.0,10.0,2000.0,200.0,1.5,0.5,1.0,0.0,1.0,0.0,0.0,0.0,0.0,0.0,0.0,0.0,2600.0,320.0,0.35,42
700,dataset\train\reference\00700.png,dataset\train\search\00700.png,121.6,293.3,71.6,243.3,100,100,finfet_28nm,5.0,10.0,2000.0,200.0,1.5,0.5,1.0,0.0,1.0,0.0,0.0,0.0,0.0,0.0,0.0,0.0,2600.0,320.0,0.35,42
701,dataset\train\reference\00701.png,dataset\train\search\00701.png,105.6,705.6,55.6,655.6,100,100,finfet_14nm,5.0,10.0,2000.0,200.0,1.5,0.5,1.0,0.0,1.0,0.0,0.0,0.0,0.0,0.0,0.0,0.0,2600.0,320.0,0.35,42
702,dataset\train\reference\00702.png,dataset\train\search\00702.png,157.3,568.7,107.3,518.7,100,100,dram_dense,5.0,10.0,2000.0,200.0,1.5,0.5,1.0,0.0,1.0,0.0,0.0,0.0,0.0,0.0,0.0,0.0,2600.0,320.0,0.35,42
703,dataset\train\reference\00703.png,dataset\train\search\00703.png,115.0,248.2,65.0,198.2,100,100,finfet_14nm,5.0,10.0,2000.0,200.0,1.5,0.5,1.0,0.0,1.0,0.0,0.0,0.0,0.0,0.0,0.0,0.0,2600.0,320.0,0.35,42
704,dataset\train\reference\00704.png,dataset\train\search\00704.png,638.6,269.4,588.6,219.4,100,100,finfet_22nm,5.0,10.0,2000.0,200.0,1.5,0.5,1.0,0.0,1.0,0.0,0.0,0.0,0.0,0.0,0.0,0.0,2600.0,320.0,0.35,42
705,dataset\train\reference\00705.png,dataset\train\search\00705.png,878.1,848.2,828.1,798.2,100,100,dram_1x,5.0,10.0,2000.0,200.0,1.5,0.5,1.0,0.0,1.0,0.0,0.0,0.0,0.0,0.0,0.0,0.0,2600.0,320.0,0.35,42
706,dataset\train\reference\00706.png,dataset\train\search\00706.png,856.4,441.4,806.4,391.4,100,100,dram_1x,5.0,10.0,2000.0,200.0,1.5,0.5,1.0,0.0,1.0,0.0,0.0,0.0,0.0,0.0,0.0,0.0,2600.0,320.0,0.35,42
707,dataset\train\reference\00707.png,dataset\train\search\00707.png,326.9,163.3,276.9,113.3,100,100,finfet_10nm,5.0,10.0,2000.0,200.0,1.5,0.5,1.0,0.0,1.0,0.0,0.0,0.0,0.0,0.0,0.0,0.0,2600.0,320.0,0.35,42
708,dataset\train\reference\00708.png,dataset\train\search\00708.png,441.4,902.4,391.4,852.4,100,100,finfet_14nm,5.0,10.0,2000.0,200.0,1.5,0.5,1.0,0.0,1.0,0.0,0.0,0.0,0.0,0.0,0.0,0.0,2600.0,320.0,0.35,42
709,dataset\train\reference\00709.png,dataset\train\search\00709.png,915.9,286.5,865.9,236.5,100,100,finfet_7nm,5.0,10.0,2000.0,200.0,1.5,0.5,1.0,0.0,1.0,0.0,0.0,0.0,0.0,0.0,0.0,0.0,2600.0,320.0,0.35,42
710,dataset\train\reference\00710.png,dataset\train\search\00710.png,930.5,590.5,880.5,540.5,100,100,dram_compact,5.0,10.0,2000.0,200.0,1.5,0.5,1.0,0.0,1.0,0.0,0.0,0.0,0.0,0.0,0.0,0.0,2600.0,320.0,0.35,42
711,dataset\train\reference\00711.png,dataset\train\search\00711.png,74.9,402.9,24.9,352.9,100,100,dram_wide,5.0,10.0,2000.0,200.0,1.5,0.5,1.0,0.0,1.0,0.0,0.0,0.0,0.0,0.0,0.0,0.0,2600.0,320.0,0.35,42
712,dataset\train\reference\00712.png,dataset\train\search\00712.png,692.9,707.8,642.9,657.8,100,100,finfet_28nm,5.0,10.0,2000.0,200.0,1.5,0.5,1.0,0.0,1.0,0.0,0.0,0.0,0.0,0.0,0.0,0.0,2600.0,320.0,0.35,42
713,dataset\train\reference\00713.png,dataset\train\search\00713.png,827.4,225.4,777.4,175.4,100,100,finfet_22nm,5.0,10.0,2000.0,200.0,1.5,0.5,1.0,0.0,1.0,0.0,0.0,0.0,0.0,0.0,0.0,0.0,2600.0,320.0,0.35,42
714,dataset\train\reference\00714.png,dataset\train\search\00714.png,588.8,127.7,538.8,77.7,100,100,finfet_28nm,5.0,10.0,2000.0,200.0,1.5,0.5,1.0,0.0,1.0,0.0,0.0,0.0,0.0,0.0,0.0,0.0,2600.0,320.0,0.35,42
715,dataset\train\reference\00715.png,dataset\train\search\00715.png,605.4,606.2,555.4,556.2,100,100,finfet_7nm,5.0,10.0,2000.0,200.0,1.5,0.5,1.0,0.0,1.0,0.0,0.0,0.0,0.0,0.0,0.0,0.0,2600.0,320.0,0.35,42
716,dataset\train\reference\00716.png,dataset\train\search\00716.png,744.2,116.1,694.2,66.1,100,100,dram_legacy,5.0,10.0,2000.0,200.0,1.5,0.5,1.0,0.0,1.0,0.0,0.0,0.0,0.0,0.0,0.0,0.0,2600.0,320.0,0.35,42
717,dataset\train\reference\00717.png,dataset\train\search\00717.png,578.3,291.5,528.3,241.5,100,100,dram_dense,5.0,10.0,2000.0,200.0,1.5,0.5,1.0,0.0,1.0,0.0,0.0,0.0,0.0,0.0,0.0,0.0,2600.0,320.0,0.35,42
718,dataset\train\reference\00718.png,dataset\train\search\00718.png,231.0,851.4,181.0,801.4,100,100,finfet_10nm,5.0,10.0,2000.0,200.0,1.5,0.5,1.0,0.0,1.0,0.0,0.0,0.0,0.0,0.0,0.0,0.0,2600.0,320.0,0.35,42
719,dataset\train\reference\00719.png,dataset\train\search\00719.png,948.6,268.1,898.6,218.1,100,100,dram_wide,5.0,10.0,2000.0,200.0,1.5,0.5,1.0,0.0,1.0,0.0,0.0,0.0,0.0,0.0,0.0,0.0,2600.0,320.0,0.35,42
720,dataset\train\reference\00720.png,dataset\train\search\00720.png,726.3,859.2,676.3,809.2,100,100,finfet_22nm,5.0,10.0,2000.0,200.0,1.5,0.5,1.0,0.0,1.0,0.0,0.0,0.0,0.0,0.0,0.0,0.0,2600.0,320.0,0.35,42
721,dataset\train\reference\00721.png,dataset\train\search\00721.png,118.4,291.9,68.4,241.9,100,100,dram_loose,5.0,10.0,2000.0,200.0,1.5,0.5,1.0,0.0,1.0,0.0,0.0,0.0,0.0,0.0,0.0,0.0,2600.0,320.0,0.35,42
722,dataset\train\reference\00722.png,dataset\train\search\00722.png,282.1,402.3,232.1,352.3,100,100,finfet_10nm,5.0,10.0,2000.0,200.0,1.5,0.5,1.0,0.0,1.0,0.0,0.0,0.0,0.0,0.0,0.0,0.0,2600.0,320.0,0.35,42
723,dataset\train\reference\00723.png,dataset\train\search\00723.png,416.9,929.6,366.9,879.6,100,100,dram_1x,5.0,10.0,2000.0,200.0,1.5,0.5,1.0,0.0,1.0,0.0,0.0,0.0,0.0,0.0,0.0,0.0,2600.0,320.0,0.35,42
724,dataset\train\reference\00724.png,dataset\train\search\00724.png,564.4,292.0,514.4,242.0,100,100,finfet_7nm,5.0,10.0,2000.0,200.0,1.5,0.5,1.0,0.0,1.0,0.0,0.0,0.0,0.0,0.0,0.0,0.0,2600.0,320.0,0.35,42
725,dataset\train\reference\00725.png,dataset\train\search\00725.png,147.7,548.7,97.7,498.7,100,100,dram_wide,5.0,10.0,2000.0,200.0,1.5,0.5,1.0,0.0,1.0,0.0,0.0,0.0,0.0,0.0,0.0,0.0,2600.0,320.0,0.35,42
726,dataset\train\reference\00726.png,dataset\train\search\00726.png,624.3,237.3,574.3,187.3,100,100,dram_dense,5.0,10.0,2000.0,200.0,1.5,0.5,1.0,0.0,1.0,0.0,0.0,0.0,0.0,0.0,0.0,0.0,2600.0,320.0,0.35,42
727,dataset\train\reference\00727.png,dataset\train\search\00727.png,900.1,922.5,850.1,872.5,100,100,dram_compact,5.0,10.0,2000.0,200.0,1.5,0.5,1.0,0.0,1.0,0.0,0.0,0.0,0.0,0.0,0.0,0.0,2600.0,320.0,0.35,42
728,dataset\train\reference\00728.png,dataset\train\search\00728.png,891.5,416.6,841.5,366.6,100,100,dram_loose,5.0,10.0,2000.0,200.0,1.5,0.5,1.0,0.0,1.0,0.0,0.0,0.0,0.0,0.0,0.0,0.0,2600.0,320.0,0.35,42
729,dataset\train\reference\00729.png,dataset\train\search\00729.png,449.8,220.8,399.8,170.8,100,100,dram_dense,5.0,10.0,2000.0,200.0,1.5,0.5,1.0,0.0,1.0,0.0,0.0,0.0,0.0,0.0,0.0,0.0,2600.0,320.0,0.35,42
730,dataset\train\reference\00730.png,dataset\train\search\00730.png,312.3,905.0,262.3,855.0,100,100,finfet_45nm,5.0,10.0,2000.0,200.0,1.5,0.5,1.0,0.0,1.0,0.0,0.0,0.0,0.0,0.0,0.0,0.0,2600.0,320.0,0.35,42
731,dataset\train\reference\00731.png,dataset\train\search\00731.png,882.5,726.7,832.5,676.7,100,100,finfet_22nm,5.0,10.0,2000.0,200.0,1.5,0.5,1.0,0.0,1.0,0.0,0.0,0.0,0.0,0.0,0.0,0.0,2600.0,320.0,0.35,42
732,dataset\train\reference\00732.png,dataset\train\search\00732.png,921.7,254.4,871.7,204.4,100,100,dram_dense,5.0,10.0,2000.0,200.0,1.5,0.5,1.0,0.0,1.0,0.0,0.0,0.0,0.0,0.0,0.0,0.0,2600.0,320.0,0.35,42
733,dataset\train\reference\00733.png,dataset\train\search\00733.png,651.3,111.9,601.3,61.9,100,100,dram_1x,5.0,10.0,2000.0,200.0,1.5,0.5,1.0,0.0,1.0,0.0,0.0,0.0,0.0,0.0,0.0,0.0,2600.0,320.0,0.35,42
734,dataset\train\reference\00734.png,dataset\train\search\00734.png,518.6,180.0,468.6,130.0,100,100,finfet_22nm,5.0,10.0,2000.0,200.0,1.5,0.5,1.0,0.0,1.0,0.0,0.0,0.0,0.0,0.0,0.0,0.0,2600.0,320.0,0.35,42
735,dataset\train\reference\00735.png,dataset\train\search\00735.png,569.0,850.7,519.0,800.7,100,100,finfet_45nm,5.0,10.0,2000.0,200.0,1.5,0.5,1.0,0.0,1.0,0.0,0.0,0.0,0.0,0.0,0.0,0.0,2600.0,320.0,0.35,42
736,dataset\train\reference\00736.png,dataset\train\search\00736.png,309.3,401.2,259.3,351.2,100,100,finfet_7nm,5.0,10.0,2000.0,200.0,1.5,0.5,1.0,0.0,1.0,0.0,0.0,0.0,0.0,0.0,0.0,0.0,2600.0,320.0,0.35,42
737,dataset\train\reference\00737.png,dataset\train\search\00737.png,914.0,921.3,864.0,871.3,100,100,finfet_10nm,5.0,10.0,2000.0,200.0,1.5,0.5,1.0,0.0,1.0,0.0,0.0,0.0,0.0,0.0,0.0,0.0,2600.0,320.0,0.35,42
738,dataset\train\reference\00738.png,dataset\train\search\00738.png,559.7,291.8,509.7,241.8,100,100,finfet_10nm,5.0,10.0,2000.0,200.0,1.5,0.5,1.0,0.0,1.0,0.0,0.0,0.0,0.0,0.0,0.0,0.0,2600.0,320.0,0.35,42
739,dataset\train\reference\00739.png,dataset\train\search\00739.png,546.4,879.4,496.4,829.4,100,100,finfet_28nm,5.0,10.0,2000.0,200.0,1.5,0.5,1.0,0.0,1.0,0.0,0.0,0.0,0.0,0.0,0.0,0.0,2600.0,320.0,0.35,42
740,dataset\train\reference\00740.png,dataset\train\search\00740.png,924.8,510.1,874.8,460.1,100,100,finfet_22nm,5.0,10.0,2000.0,200.0,1.5,0.5,1.0,0.0,1.0,0.0,0.0,0.0,0.0,0.0,0.0,0.0,2600.0,320.0,0.35,42
741,dataset\train\reference\00741.png,dataset\train\search\00741.png,836.5,546.4,786.5,496.4,100,100,finfet_22nm,5.0,10.0,2000.0,200.0,1.5,0.5,1.0,0.0,1.0,0.0,0.0,0.0,0.0,0.0,0.0,0.0,2600.0,320.0,0.35,42
742,dataset\train\reference\00742.png,dataset\train\search\00742.png,150.1,128.1,100.1,78.1,100,100,dram_legacy,5.0,10.0,2000.0,200.0,1.5,0.5,1.0,0.0,1.0,0.0,0.0,0.0,0.0,0.0,0.0,0.0,2600.0,320.0,0.35,42
743,dataset\train\reference\00743.png,dataset\train\search\00743.png,220.3,597.0,170.3,547.0,100,100,dram_loose,5.0,10.0,2000.0,200.0,1.5,0.5,1.0,0.0,1.0,0.0,0.0,0.0,0.0,0.0,0.0,0.0,2600.0,320.0,0.35,42
744,dataset\train\reference\00744.png,dataset\train\search\00744.png,806.7,525.7,756.7,475.7,100,100,dram_loose,5.0,10.0,2000.0,200.0,1.5,0.5,1.0,0.0,1.0,0.0,0.0,0.0,0.0,0.0,0.0,0.0,2600.0,320.0,0.35,42
745,dataset\train\reference\00745.png,dataset\train\search\00745.png,845.7,738.2,795.7,688.2,100,100,dram_wide,5.0,10.0,2000.0,200.0,1.5,0.5,1.0,0.0,1.0,0.0,0.0,0.0,0.0,0.0,0.0,0.0,2600.0,320.0,0.35,42
746,dataset\train\reference\00746.png,dataset\train\search\00746.png,551.2,154.4,501.2,104.4,100,100,dram_dense,5.0,10.0,2000.0,200.0,1.5,0.5,1.0,0.0,1.0,0.0,0.0,0.0,0.0,0.0,0.0,0.0,2600.0,320.0,0.35,42
747,dataset\train\reference\00747.png,dataset\train\search\00747.png,732.1,447.0,682.1,397.0,100,100,finfet_28nm,5.0,10.0,2000.0,200.0,1.5,0.5,1.0,0.0,1.0,0.0,0.0,0.0,0.0,0.0,0.0,0.0,2600.0,320.0,0.35,42
748,dataset\train\reference\00748.png,dataset\train\search\00748.png,881.0,944.1,831.0,894.1,100,100,dram_dense,5.0,10.0,2000.0,200.0,1.5,0.5,1.0,0.0,1.0,0.0,0.0,0.0,0.0,0.0,0.0,0.0,2600.0,320.0,0.35,42
749,dataset\train\reference\00749.png,dataset\train\search\00749.png,826.0,337.1,776.0,287.1,100,100,finfet_7nm,5.0,10.0,2000.0,200.0,1.5,0.5,1.0,0.0,1.0,0.0,0.0,0.0,0.0,0.0,0.0,0.0,2600.0,320.0,0.35,42
750,dataset\train\reference\00750.png,dataset\train\search\00750.png,485.7,405.5,435.7,355.5,100,100,finfet_10nm,5.0,10.0,2000.0,200.0,1.5,0.5,1.0,0.0,1.0,0.0,0.0,0.0,0.0,0.0,0.0,0.0,2600.0,320.0,0.35,42
751,dataset\train\reference\00751.png,dataset\train\search\00751.png,581.5,582.9,531.5,532.9,100,100,finfet_7nm,5.0,10.0,2000.0,200.0,1.5,0.5,1.0,0.0,1.0,0.0,0.0,0.0,0.0,0.0,0.0,0.0,2600.0,320.0,0.35,42
752,dataset\train\reference\00752.png,dataset\train\search\00752.png,162.5,777.7,112.5,727.7,100,100,finfet_14nm,5.0,10.0,2000.0,200.0,1.5,0.5,1.0,0.0,1.0,0.0,0.0,0.0,0.0,0.0,0.0,0.0,2600.0,320.0,0.35,42
753,dataset\train\reference\00753.png,dataset\train\search\00753.png,590.9,153.3,540.9,103.3,100,100,finfet_22nm,5.0,10.0,2000.0,200.0,1.5,0.5,1.0,0.0,1.0,0.0,0.0,0.0,0.0,0.0,0.0,0.0,2600.0,320.0,0.35,42
754,dataset\train\reference\00754.png,dataset\train\search\00754.png,683.3,420.2,633.3,370.2,100,100,dram_dense,5.0,10.0,2000.0,200.0,1.5,0.5,1.0,0.0,1.0,0.0,0.0,0.0,0.0,0.0,0.0,0.0,2600.0,320.0,0.35,42
755,dataset\train\reference\00755.png,dataset\train\search\00755.png,783.3,540.5,733.3,490.5,100,100,dram_loose,5.0,10.0,2000.0,200.0,1.5,0.5,1.0,0.0,1.0,0.0,0.0,0.0,0.0,0.0,0.0,0.0,2600.0,320.0,0.35,42
756,dataset\train\reference\00756.png,dataset\train\search\00756.png,251.0,721.8,201.0,671.8,100,100,dram_legacy,5.0,10.0,2000.0,200.0,1.5,0.5,1.0,0.0,1.0,0.0,0.0,0.0,0.0,0.0,0.0,0.0,2600.0,320.0,0.35,42
757,dataset\train\reference\00757.png,dataset\train\search\00757.png,493.5,151.9,443.5,101.9,100,100,dram_compact,5.0,10.0,2000.0,200.0,1.5,0.5,1.0,0.0,1.0,0.0,0.0,0.0,0.0,0.0,0.0,0.0,2600.0,320.0,0.35,42
758,dataset\train\reference\00758.png,dataset\train\search\00758.png,932.8,295.3,882.8,245.3,100,100,finfet_7nm,5.0,10.0,2000.0,200.0,1.5,0.5,1.0,0.0,1.0,0.0,0.0,0.0,0.0,0.0,0.0,0.0,2600.0,320.0,0.35,42
759,dataset\train\reference\00759.png,dataset\train\search\00759.png,97.8,481.0,47.8,431.0,100,100,dram_legacy,5.0,10.0,2000.0,200.0,1.5,0.5,1.0,0.0,1.0,0.0,0.0,0.0,0.0,0.0,0.0,0.0,2600.0,320.0,0.35,42
760,dataset\train\reference\00760.png,dataset\train\search\00760.png,389.1,937.5,339.1,887.5,100,100,finfet_14nm,5.0,10.0,2000.0,200.0,1.5,0.5,1.0,0.0,1.0,0.0,0.0,0.0,0.0,0.0,0.0,0.0,2600.0,320.0,0.35,42
761,dataset\train\reference\00761.png,dataset\train\search\00761.png,204.5,430.8,154.5,380.8,100,100,finfet_45nm,5.0,10.0,2000.0,200.0,1.5,0.5,1.0,0.0,1.0,0.0,0.0,0.0,0.0,0.0,0.0,0.0,2600.0,320.0,0.35,42
762,dataset\train\reference\00762.png,dataset\train\search\00762.png,839.5,408.1,789.5,358.1,100,100,finfet_45nm,5.0,10.0,2000.0,200.0,1.5,0.5,1.0,0.0,1.0,0.0,0.0,0.0,0.0,0.0,0.0,0.0,2600.0,320.0,0.35,42
763,dataset\train\reference\00763.png,dataset\train\search\00763.png,915.5,607.5,865.5,557.5,100,100,finfet_45nm,5.0,10.0,2000.0,200.0,1.5,0.5,1.0,0.0,1.0,0.0,0.0,0.0,0.0,0.0,0.0,0.0,2600.0,320.0,0.35,42
764,dataset\train\reference\00764.png,dataset\train\search\00764.png,794.9,667.2,744.9,617.2,100,100,finfet_14nm,5.0,10.0,2000.0,200.0,1.5,0.5,1.0,0.0,1.0,0.0,0.0,0.0,0.0,0.0,0.0,0.0,2600.0,320.0,0.35,42
765,dataset\train\reference\00765.png,dataset\train\search\00765.png,915.9,289.2,865.9,239.2,100,100,dram_compact,5.0,10.0,2000.0,200.0,1.5,0.5,1.0,0.0,1.0,0.0,0.0,0.0,0.0,0.0,0.0,0.0,2600.0,320.0,0.35,42
766,dataset\train\reference\00766.png,dataset\train\search\00766.png,914.3,881.4,864.3,831.4,100,100,dram_wide,5.0,10.0,2000.0,200.0,1.5,0.5,1.0,0.0,1.0,0.0,0.0,0.0,0.0,0.0,0.0,0.0,2600.0,320.0,0.35,42
767,dataset\train\reference\00767.png,dataset\train\search\00767.png,304.2,249.4,254.2,199.4,100,100,dram_loose,5.0,10.0,2000.0,200.0,1.5,0.5,1.0,0.0,1.0,0.0,0.0,0.0,0.0,0.0,0.0,0.0,2600.0,320.0,0.35,42
768,dataset\train\reference\00768.png,dataset\train\search\00768.png,292.8,927.5,242.8,877.5,100,100,dram_loose,5.0,10.0,2000.0,200.0,1.5,0.5,1.0,0.0,1.0,0.0,0.0,0.0,0.0,0.0,0.0,0.0,2600.0,320.0,0.35,42
769,dataset\train\reference\00769.png,dataset\train\search\00769.png,841.9,404.2,791.9,354.2,100,100,finfet_45nm,5.0,10.0,2000.0,200.0,1.5,0.5,1.0,0.0,1.0,0.0,0.0,0.0,0.0,0.0,0.0,0.0,2600.0,320.0,0.35,42
770,dataset\train\reference\00770.png,dataset\train\search\00770.png,703.1,882.8,653.1,832.8,100,100,dram_1x,5.0,10.0,2000.0,200.0,1.5,0.5,1.0,0.0,1.0,0.0,0.0,0.0,0.0,0.0,0.0,0.0,2600.0,320.0,0.35,42
771,dataset\train\reference\00771.png,dataset\train\search\00771.png,853.0,549.8,803.0,499.8,100,100,dram_dense,5.0,10.0,2000.0,200.0,1.5,0.5,1.0,0.0,1.0,0.0,0.0,0.0,0.0,0.0,0.0,0.0,2600.0,320.0,0.35,42
772,dataset\train\reference\00772.png,dataset\train\search\00772.png,903.2,918.3,853.2,868.3,100,100,dram_dense,5.0,10.0,2000.0,200.0,1.5,0.5,1.0,0.0,1.0,0.0,0.0,0.0,0.0,0.0,0.0,0.0,2600.0,320.0,0.35,42
773,dataset\train\reference\00773.png,dataset\train\search\00773.png,309.6,162.9,259.6,112.9,100,100,dram_wide,5.0,10.0,2000.0,200.0,1.5,0.5,1.0,0.0,1.0,0.0,0.0,0.0,0.0,0.0,0.0,0.0,2600.0,320.0,0.35,42
774,dataset\train\reference\00774.png,dataset\train\search\00774.png,299.6,766.0,249.6,716.0,100,100,dram_compact,5.0,10.0,2000.0,200.0,1.5,0.5,1.0,0.0,1.0,0.0,0.0,0.0,0.0,0.0,0.0,0.0,2600.0,320.0,0.35,42
775,dataset\train\reference\00775.png,dataset\train\search\00775.png,736.8,712.7,686.8,662.7,100,100,finfet_14nm,5.0,10.0,2000.0,200.0,1.5,0.5,1.0,0.0,1.0,0.0,0.0,0.0,0.0,0.0,0.0,0.0,2600.0,320.0,0.35,42
776,dataset\train\reference\00776.png,dataset\train\search\00776.png,271.0,875.9,221.0,825.9,100,100,finfet_10nm,5.0,10.0,2000.0,200.0,1.5,0.5,1.0,0.0,1.0,0.0,0.0,0.0,0.0,0.0,0.0,0.0,2600.0,320.0,0.35,42
777,dataset\train\reference\00777.png,dataset\train\search\00777.png,376.2,812.7,326.2,762.7,100,100,finfet_28nm,5.0,10.0,2000.0,200.0,1.5,0.5,1.0,0.0,1.0,0.0,0.0,0.0,0.0,0.0,0.0,0.0,2600.0,320.0,0.35,42
778,dataset\train\reference\00778.png,dataset\train\search\00778.png,169.5,356.3,119.5,306.3,100,100,dram_loose,5.0,10.0,2000.0,200.0,1.5,0.5,1.0,0.0,1.0,0.0,0.0,0.0,0.0,0.0,0.0,0.0,2600.0,320.0,0.35,42
779,dataset\train\reference\00779.png,dataset\train\search\00779.png,919.6,863.5,869.6,813.5,100,100,dram_1x,5.0,10.0,2000.0,200.0,1.5,0.5,1.0,0.0,1.0,0.0,0.0,0.0,0.0,0.0,0.0,0.0,2600.0,320.0,0.35,42
780,dataset\train\reference\00780.png,dataset\train\search\00780.png,349.9,501.5,299.9,451.5,100,100,dram_loose,5.0,10.0,2000.0,200.0,1.5,0.5,1.0,0.0,1.0,0.0,0.0,0.0,0.0,0.0,0.0,0.0,2600.0,320.0,0.35,42
781,dataset\train\reference\00781.png,dataset\train\search\00781.png,209.9,286.2,159.9,236.2,100,100,finfet_10nm,5.0,10.0,2000.0,200.0,1.5,0.5,1.0,0.0,1.0,0.0,0.0,0.0,0.0,0.0,0.0,0.0,2600.0,320.0,0.35,42
782,dataset\train\reference\00782.png,dataset\train\search\00782.png,830.6,240.5,780.6,190.5,100,100,finfet_10nm,5.0,10.0,2000.0,200.0,1.5,0.5,1.0,0.0,1.0,0.0,0.0,0.0,0.0,0.0,0.0,0.0,2600.0,320.0,0.35,42
783,dataset\train\reference\00783.png,dataset\train\search\00783.png,291.8,381.0,241.8,331.0,100,100,finfet_45nm,5.0,10.0,2000.0,200.0,1.5,0.5,1.0,0.0,1.0,0.0,0.0,0.0,0.0,0.0,0.0,0.0,2600.0,320.0,0.35,42
784,dataset\train\reference\00784.png,dataset\train\search\00784.png,261.6,442.5,211.6,392.5,100,100,dram_wide,5.0,10.0,2000.0,200.0,1.5,0.5,1.0,0.0,1.0,0.0,0.0,0.0,0.0,0.0,0.0,0.0,2600.0,320.0,0.35,42
785,dataset\train\reference\00785.png,dataset\train\search\00785.png,288.1,409.0,238.1,359.0,100,100,finfet_14nm,5.0,10.0,2000.0,200.0,1.5,0.5,1.0,0.0,1.0,0.0,0.0,0.0,0.0,0.0,0.0,0.0,2600.0,320.0,0.35,42
786,dataset\train\reference\00786.png,dataset\train\search\00786.png,75.2,60.1,25.2,10.1,100,100,finfet_28nm,5.0,10.0,2000.0,200.0,1.5,0.5,1.0,0.0,1.0,0.0,0.0,0.0,0.0,0.0,0.0,0.0,2600.0,320.0,0.35,42
787,dataset\train\reference\00787.png,dataset\train\search\00787.png,597.3,481.0,547.3,431.0,100,100,finfet_22nm,5.0,10.0,2000.0,200.0,1.5,0.5,1.0,0.0,1.0,0.0,0.0,0.0,0.0,0.0,0.0,0.0,2600.0,320.0,0.35,42
788,dataset\train\reference\00788.png,dataset\train\search\00788.png,422.7,410.7,372.7,360.7,100,100,dram_1x,5.0,10.0,2000.0,200.0,1.5,0.5,1.0,0.0,1.0,0.0,0.0,0.0,0.0,0.0,0.0,0.0,2600.0,320.0,0.35,42
789,dataset\train\reference\00789.png,dataset\train\search\00789.png,411.4,469.7,361.4,419.7,100,100,finfet_14nm,5.0,10.0,2000.0,200.0,1.5,0.5,1.0,0.0,1.0,0.0,0.0,0.0,0.0,0.0,0.0,0.0,2600.0,320.0,0.35,42
790,dataset\train\reference\00790.png,dataset\train\search\00790.png,300.7,545.0,250.7,495.0,100,100,finfet_7nm,5.0,10.0,2000.0,200.0,1.5,0.5,1.0,0.0,1.0,0.0,0.0,0.0,0.0,0.0,0.0,0.0,2600.0,320.0,0.35,42
791,dataset\train\reference\00791.png,dataset\train\search\00791.png,915.9,266.0,865.9,216.0,100,100,finfet_22nm,5.0,10.0,2000.0,200.0,1.5,0.5,1.0,0.0,1.0,0.0,0.0,0.0,0.0,0.0,0.0,0.0,2600.0,320.0,0.35,42
792,dataset\train\reference\00792.png,dataset\train\search\00792.png,650.8,613.0,600.8,563.0,100,100,finfet_28nm,5.0,10.0,2000.0,200.0,1.5,0.5,1.0,0.0,1.0,0.0,0.0,0.0,0.0,0.0,0.0,0.0,2600.0,320.0,0.35,42
793,dataset\train\reference\00793.png,dataset\train\search\00793.png,211.4,185.2,161.4,135.2,100,100,dram_wide,5.0,10.0,2000.0,200.0,1.5,0.5,1.0,0.0,1.0,0.0,0.0,0.0,0.0,0.0,0.0,0.0,2600.0,320.0,0.35,42
794,dataset\train\reference\00794.png,dataset\train\search\00794.png,581.9,725.1,531.9,675.1,100,100,dram_1x,5.0,10.0,2000.0,200.0,1.5,0.5,1.0,0.0,1.0,0.0,0.0,0.0,0.0,0.0,0.0,0.0,2600.0,320.0,0.35,42
795,dataset\train\reference\00795.png,dataset\train\search\00795.png,840.7,147.9,790.7,97.9,100,100,finfet_14nm,5.0,10.0,2000.0,200.0,1.5,0.5,1.0,0.0,1.0,0.0,0.0,0.0,0.0,0.0,0.0,0.0,2600.0,320.0,0.35,42
796,dataset\train\reference\00796.png,dataset\train\search\00796.png,589.3,418.3,539.3,368.3,100,100,finfet_14nm,5.0,10.0,2000.0,200.0,1.5,0.5,1.0,0.0,1.0,0.0,0.0,0.0,0.0,0.0,0.0,0.0,2600.0,320.0,0.35,42
797,dataset\train\reference\00797.png,dataset\train\search\00797.png,256.8,687.5,206.8,637.5,100,100,dram_legacy,5.0,10.0,2000.0,200.0,1.5,0.5,1.0,0.0,1.0,0.0,0.0,0.0,0.0,0.0,0.0,0.0,2600.0,320.0,0.35,42
798,dataset\train\reference\00798.png,dataset\train\search\00798.png,251.6,551.2,201.6,501.2,100,100,finfet_14nm,5.0,10.0,2000.0,200.0,1.5,0.5,1.0,0.0,1.0,0.0,0.0,0.0,0.0,0.0,0.0,0.0,2600.0,320.0,0.35,42
799,dataset\train\reference\00799.png,dataset\train\search\00799.png,116.5,336.5,66.5,286.5,100,100,dram_wide,5.0,10.0,2000.0,200.0,1.5,0.5,1.0,0.0,1.0,0.0,0.0,0.0,0.0,0.0,0.0,0.0,2600.0,320.0,0.35,42
800,dataset\train\reference\00800.png,dataset\train\search\00800.png,171.0,256.7,121.0,206.7,100,100,dram_wide,5.0,10.0,2000.0,200.0,1.5,0.5,1.0,0.0,1.0,0.0,0.0,0.0,0.0,0.0,0.0,0.0,2600.0,320.0,0.35,42
801,dataset\train\reference\00801.png,dataset\train\search\00801.png,60.4,137.6,10.4,87.6,100,100,finfet_22nm,5.0,10.0,2000.0,200.0,1.5,0.5,1.0,0.0,1.0,0.0,0.0,0.0,0.0,0.0,0.0,0.0,2600.0,320.0,0.35,42
802,dataset\train\reference\00802.png,dataset\train\search\00802.png,586.0,835.6,536.0,785.6,100,100,finfet_10nm,5.0,10.0,2000.0,200.0,1.5,0.5,1.0,0.0,1.0,0.0,0.0,0.0,0.0,0.0,0.0,0.0,2600.0,320.0,0.35,42
803,dataset\train\reference\00803.png,dataset\train\search\00803.png,546.5,923.7,496.5,873.7,100,100,finfet_28nm,5.0,10.0,2000.0,200.0,1.5,0.5,1.0,0.0,1.0,0.0,0.0,0.0,0.0,0.0,0.0,0.0,2600.0,320.0,0.35,42
804,dataset\train\reference\00804.png,dataset\train\search\00804.png,562.1,950.0,512.1,900.0,100,100,finfet_28nm,5.0,10.0,2000.0,200.0,1.5,0.5,1.0,0.0,1.0,0.0,0.0,0.0,0.0,0.0,0.0,0.0,2600.0,320.0,0.35,42
805,dataset\train\reference\00805.png,dataset\train\search\00805.png,931.6,269.4,881.6,219.4,100,100,finfet_28nm,5.0,10.0,2000.0,200.0,1.5,0.5,1.0,0.0,1.0,0.0,0.0,0.0,0.0,0.0,0.0,0.0,2600.0,320.0,0.35,42
806,dataset\train\reference\00806.png,dataset\train\search\00806.png,537.1,843.8,487.1,793.8,100,100,dram_loose,5.0,10.0,2000.0,200.0,1.5,0.5,1.0,0.0,1.0,0.0,0.0,0.0,0.0,0.0,0.0,0.0,2600.0,320.0,0.35,42
807,dataset\train\reference\00807.png,dataset\train\search\00807.png,640.9,573.7,590.9,523.7,100,100,dram_1x,5.0,10.0,2000.0,200.0,1.5,0.5,1.0,0.0,1.0,0.0,0.0,0.0,0.0,0.0,0.0,0.0,2600.0,320.0,0.35,42
808,dataset\train\reference\00808.png,dataset\train\search\00808.png,344.3,743.8,294.3,693.8,100,100,finfet_45nm,5.0,10.0,2000.0,200.0,1.5,0.5,1.0,0.0,1.0,0.0,0.0,0.0,0.0,0.0,0.0,0.0,2600.0,320.0,0.35,42
809,dataset\train\reference\00809.png,dataset\train\search\00809.png,364.4,393.1,314.4,343.1,100,100,finfet_14nm,5.0,10.0,2000.0,200.0,1.5,0.5,1.0,0.0,1.0,0.0,0.0,0.0,0.0,0.0,0.0,0.0,2600.0,320.0,0.35,42
810,dataset\train\reference\00810.png,dataset\train\search\00810.png,895.9,221.8,845.9,171.8,100,100,dram_compact,5.0,10.0,2000.0,200.0,1.5,0.5,1.0,0.0,1.0,0.0,0.0,0.0,0.0,0.0,0.0,0.0,2600.0,320.0,0.35,42
811,dataset\train\reference\00811.png,dataset\train\search\00811.png,873.5,251.6,823.5,201.6,100,100,finfet_7nm,5.0,10.0,2000.0,200.0,1.5,0.5,1.0,0.0,1.0,0.0,0.0,0.0,0.0,0.0,0.0,0.0,2600.0,320.0,0.35,42
812,dataset\train\reference\00812.png,dataset\train\search\00812.png,415.8,851.5,365.8,801.5,100,100,finfet_28nm,5.0,10.0,2000.0,200.0,1.5,0.5,1.0,0.0,1.0,0.0,0.0,0.0,0.0,0.0,0.0,0.0,2600.0,320.0,0.35,42
813,dataset\train\reference\00813.png,dataset\train\search\00813.png,823.3,340.7,773.3,290.7,100,100,dram_compact,5.0,10.0,2000.0,200.0,1.5,0.5,1.0,0.0,1.0,0.0,0.0,0.0,0.0,0.0,0.0,0.0,2600.0,320.0,0.35,42
814,dataset\train\reference\00814.png,dataset\train\search\00814.png,487.8,796.8,437.8,746.8,100,100,dram_1x,5.0,10.0,2000.0,200.0,1.5,0.5,1.0,0.0,1.0,0.0,0.0,0.0,0.0,0.0,0.0,0.0,2600.0,320.0,0.35,42
815,dataset\train\reference\00815.png,dataset\train\search\00815.png,873.5,722.1,823.5,672.1,100,100,dram_wide,5.0,10.0,2000.0,200.0,1.5,0.5,1.0,0.0,1.0,0.0,0.0,0.0,0.0,0.0,0.0,0.0,2600.0,320.0,0.35,42
816,dataset\train\reference\00816.png,dataset\train\search\00816.png,660.4,614.4,610.4,564.4,100,100,finfet_14nm,5.0,10.0,2000.0,200.0,1.5,0.5,1.0,0.0,1.0,0.0,0.0,0.0,0.0,0.0,0.0,0.0,2600.0,320.0,0.35,42
817,dataset\train\reference\00817.png,dataset\train\search\00817.png,433.4,929.8,383.4,879.8,100,100,finfet_28nm,5.0,10.0,2000.0,200.0,1.5,0.5,1.0,0.0,1.0,0.0,0.0,0.0,0.0,0.0,0.0,0.0,2600.0,320.0,0.35,42
818,dataset\train\reference\00818.png,dataset\train\search\00818.png,254.4,884.3,204.4,834.3,100,100,finfet_45nm,5.0,10.0,2000.0,200.0,1.5,0.5,1.0,0.0,1.0,0.0,0.0,0.0,0.0,0.0,0.0,0.0,2600.0,320.0,0.35,42
819,dataset\train\reference\00819.png,dataset\train\search\00819.png,743.2,927.5,693.2,877.5,100,100,dram_dense,5.0,10.0,2000.0,200.0,1.5,0.5,1.0,0.0,1.0,0.0,0.0,0.0,0.0,0.0,0.0,0.0,2600.0,320.0,0.35,42
820,dataset\train\reference\00820.png,dataset\train\search\00820.png,364.7,389.2,314.7,339.2,100,100,finfet_45nm,5.0,10.0,2000.0,200.0,1.5,0.5,1.0,0.0,1.0,0.0,0.0,0.0,0.0,0.0,0.0,0.0,2600.0,320.0,0.35,42
821,dataset\train\reference\00821.png,dataset\train\search\00821.png,749.7,727.1,699.7,677.1,100,100,finfet_22nm,5.0,10.0,2000.0,200.0,1.5,0.5,1.0,0.0,1.0,0.0,0.0,0.0,0.0,0.0,0.0,0.0,2600.0,320.0,0.35,42
822,dataset\train\reference\00822.png,dataset\train\search\00822.png,673.7,681.1,623.7,631.1,100,100,finfet_14nm,5.0,10.0,2000.0,200.0,1.5,0.5,1.0,0.0,1.0,0.0,0.0,0.0,0.0,0.0,0.0,0.0,2600.0,320.0,0.35,42
823,dataset\train\reference\00823.png,dataset\train\search\00823.png,298.5,580.3,248.5,530.3,100,100,dram_wide,5.0,10.0,2000.0,200.0,1.5,0.5,1.0,0.0,1.0,0.0,0.0,0.0,0.0,0.0,0.0,0.0,2600.0,320.0,0.35,42
824,dataset\train\reference\00824.png,dataset\train\search\00824.png,560.7,709.8,510.7,659.8,100,100,finfet_45nm,5.0,10.0,2000.0,200.0,1.5,0.5,1.0,0.0,1.0,0.0,0.0,0.0,0.0,0.0,0.0,0.0,2600.0,320.0,0.35,42
825,dataset\train\reference\00825.png,dataset\train\search\00825.png,739.0,698.4,689.0,648.4,100,100,finfet_14nm,5.0,10.0,2000.0,200.0,1.5,0.5,1.0,0.0,1.0,0.0,0.0,0.0,0.0,0.0,0.0,0.0,2600.0,320.0,0.35,42
826,dataset\train\reference\00826.png,dataset\train\search\00826.png,862.8,922.2,812.8,872.2,100,100,finfet_10nm,5.0,10.0,2000.0,200.0,1.5,0.5,1.0,0.0,1.0,0.0,0.0,0.0,0.0,0.0,0.0,0.0,2600.0,320.0,0.35,42
827,dataset\train\reference\00827.png,dataset\train\search\00827.png,646.4,927.6,596.4,877.6,100,100,finfet_45nm,5.0,10.0,2000.0,200.0,1.5,0.5,1.0,0.0,1.0,0.0,0.0,0.0,0.0,0.0,0.0,0.0,2600.0,320.0,0.35,42
828,dataset\train\reference\00828.png,dataset\train\search\00828.png,109.1,847.6,59.1,797.6,100,100,finfet_45nm,5.0,10.0,2000.0,200.0,1.5,0.5,1.0,0.0,1.0,0.0,0.0,0.0,0.0,0.0,0.0,0.0,2600.0,320.0,0.35,42
829,dataset\train\reference\00829.png,dataset\train\search\00829.png,557.6,239.3,507.6,189.3,100,100,finfet_7nm,5.0,10.0,2000.0,200.0,1.5,0.5,1.0,0.0,1.0,0.0,0.0,0.0,0.0,0.0,0.0,0.0,2600.0,320.0,0.35,42
830,dataset\train\reference\00830.png,dataset\train\search\00830.png,340.4,896.1,290.4,846.1,100,100,dram_legacy,5.0,10.0,2000.0,200.0,1.5,0.5,1.0,0.0,1.0,0.0,0.0,0.0,0.0,0.0,0.0,0.0,2600.0,320.0,0.35,42
831,dataset\train\reference\00831.png,dataset\train\search\00831.png,117.7,260.1,67.7,210.1,100,100,dram_1x,5.0,10.0,2000.0,200.0,1.5,0.5,1.0,0.0,1.0,0.0,0.0,0.0,0.0,0.0,0.0,0.0,2600.0,320.0,0.35,42
832,dataset\train\reference\00832.png,dataset\train\search\00832.png,576.6,572.9,526.6,522.9,100,100,finfet_10nm,5.0,10.0,2000.0,200.0,1.5,0.5,1.0,0.0,1.0,0.0,0.0,0.0,0.0,0.0,0.0,0.0,2600.0,320.0,0.35,42
833,dataset\train\reference\00833.png,dataset\train\search\00833.png,577.4,768.8,527.4,718.8,100,100,finfet_10nm,5.0,10.0,2000.0,200.0,1.5,0.5,1.0,0.0,1.0,0.0,0.0,0.0,0.0,0.0,0.0,0.0,2600.0,320.0,0.35,42
834,dataset\train\reference\00834.png,dataset\train\search\00834.png,266.1,723.5,216.1,673.5,100,100,finfet_28nm,5.0,10.0,2000.0,200.0,1.5,0.5,1.0,0.0,1.0,0.0,0.0,0.0,0.0,0.0,0.0,0.0,2600.0,320.0,0.35,42
835,dataset\train\reference\00835.png,dataset\train\search\00835.png,103.5,828.3,53.5,778.3,100,100,finfet_14nm,5.0,10.0,2000.0,200.0,1.5,0.5,1.0,0.0,1.0,0.0,0.0,0.0,0.0,0.0,0.0,0.0,2600.0,320.0,0.35,42
836,dataset\train\reference\00836.png,dataset\train\search\00836.png,932.1,267.0,882.1,217.0,100,100,dram_1x,5.0,10.0,2000.0,200.0,1.5,0.5,1.0,0.0,1.0,0.0,0.0,0.0,0.0,0.0,0.0,0.0,2600.0,320.0,0.35,42
837,dataset\train\reference\00837.png,dataset\train\search\00837.png,532.8,638.0,482.8,588.0,100,100,dram_loose,5.0,10.0,2000.0,200.0,1.5,0.5,1.0,0.0,1.0,0.0,0.0,0.0,0.0,0.0,0.0,0.0,2600.0,320.0,0.35,42
838,dataset\train\reference\00838.png,dataset\train\search\00838.png,273.6,296.9,223.6,246.9,100,100,finfet_10nm,5.0,10.0,2000.0,200.0,1.5,0.5,1.0,0.0,1.0,0.0,0.0,0.0,0.0,0.0,0.0,0.0,2600.0,320.0,0.35,42
839,dataset\train\reference\00839.png,dataset\train\search\00839.png,780.4,165.2,730.4,115.2,100,100,dram_compact,5.0,10.0,2000.0,200.0,1.5,0.5,1.0,0.0,1.0,0.0,0.0,0.0,0.0,0.0,0.0,0.0,2600.0,320.0,0.35,42
840,dataset\train\reference\00840.png,dataset\train\search\00840.png,671.1,745.1,621.1,695.1,100,100,dram_legacy,5.0,10.0,2000.0,200.0,1.5,0.5,1.0,0.0,1.0,0.0,0.0,0.0,0.0,0.0,0.0,0.0,2600.0,320.0,0.35,42
841,dataset\train\reference\00841.png,dataset\train\search\00841.png,904.8,903.0,854.8,853.0,100,100,dram_dense,5.0,10.0,2000.0,200.0,1.5,0.5,1.0,0.0,1.0,0.0,0.0,0.0,0.0,0.0,0.0,0.0,2600.0,320.0,0.35,42
842,dataset\train\reference\00842.png,dataset\train\search\00842.png,546.6,435.4,496.6,385.4,100,100,finfet_7nm,5.0,10.0,2000.0,200.0,1.5,0.5,1.0,0.0,1.0,0.0,0.0,0.0,0.0,0.0,0.0,0.0,2600.0,320.0,0.35,42
843,dataset\train\reference\00843.png,dataset\train\search\00843.png,406.8,119.2,356.8,69.2,100,100,dram_legacy,5.0,10.0,2000.0,200.0,1.5,0.5,1.0,0.0,1.0,0.0,0.0,0.0,0.0,0.0,0.0,0.0,2600.0,320.0,0.35,42
844,dataset\train\reference\00844.png,dataset\train\search\00844.png,138.5,883.2,88.5,833.2,100,100,dram_legacy,5.0,10.0,2000.0,200.0,1.5,0.5,1.0,0.0,1.0,0.0,0.0,0.0,0.0,0.0,0.0,0.0,2600.0,320.0,0.35,42
845,dataset\train\reference\00845.png,dataset\train\search\00845.png,398.6,226.9,348.6,176.9,100,100,finfet_22nm,5.0,10.0,2000.0,200.0,1.5,0.5,1.0,0.0,1.0,0.0,0.0,0.0,0.0,0.0,0.0,0.0,2600.0,320.0,0.35,42
846,dataset\train\reference\00846.png,dataset\train\search\00846.png,400.8,585.7,350.8,535.7,100,100,finfet_45nm,5.0,10.0,2000.0,200.0,1.5,0.5,1.0,0.0,1.0,0.0,0.0,0.0,0.0,0.0,0.0,0.0,2600.0,320.0,0.35,42
847,dataset\train\reference\00847.png,dataset\train\search\00847.png,388.9,539.3,338.9,489.3,100,100,dram_dense,5.0,10.0,2000.0,200.0,1.5,0.5,1.0,0.0,1.0,0.0,0.0,0.0,0.0,0.0,0.0,0.0,2600.0,320.0,0.35,42
848,dataset\train\reference\00848.png,dataset\train\search\00848.png,362.4,888.7,312.4,838.7,100,100,dram_1x,5.0,10.0,2000.0,200.0,1.5,0.5,1.0,0.0,1.0,0.0,0.0,0.0,0.0,0.0,0.0,0.0,2600.0,320.0,0.35,42
849,dataset\train\reference\00849.png,dataset\train\search\00849.png,415.7,561.1,365.7,511.1,100,100,dram_legacy,5.0,10.0,2000.0,200.0,1.5,0.5,1.0,0.0,1.0,0.0,0.0,0.0,0.0,0.0,0.0,0.0,2600.0,320.0,0.35,42
850,dataset\train\reference\00850.png,dataset\train\search\00850.png,589.1,594.8,539.1,544.8,100,100,finfet_14nm,5.0,10.0,2000.0,200.0,1.5,0.5,1.0,0.0,1.0,0.0,0.0,0.0,0.0,0.0,0.0,0.0,2600.0,320.0,0.35,42
851,dataset\train\reference\00851.png,dataset\train\search\00851.png,429.5,873.6,379.5,823.6,100,100,dram_1x,5.0,10.0,2000.0,200.0,1.5,0.5,1.0,0.0,1.0,0.0,0.0,0.0,0.0,0.0,0.0,0.0,2600.0,320.0,0.35,42
852,dataset\train\reference\00852.png,dataset\train\search\00852.png,297.6,918.2,247.6,868.2,100,100,finfet_45nm,5.0,10.0,2000.0,200.0,1.5,0.5,1.0,0.0,1.0,0.0,0.0,0.0,0.0,0.0,0.0,0.0,2600.0,320.0,0.35,42
853,dataset\train\reference\00853.png,dataset\train\search\00853.png,623.1,813.0,573.1,763.0,100,100,dram_loose,5.0,10.0,2000.0,200.0,1.5,0.5,1.0,0.0,1.0,0.0,0.0,0.0,0.0,0.0,0.0,0.0,2600.0,320.0,0.35,42
854,dataset\train\reference\00854.png,dataset\train\search\00854.png,425.0,851.6,375.0,801.6,100,100,finfet_7nm,5.0,10.0,2000.0,200.0,1.5,0.5,1.0,0.0,1.0,0.0,0.0,0.0,0.0,0.0,0.0,0.0,2600.0,320.0,0.35,42
855,dataset\train\reference\00855.png,dataset\train\search\00855.png,553.7,405.2,503.7,355.2,100,100,finfet_14nm,5.0,10.0,2000.0,200.0,1.5,0.5,1.0,0.0,1.0,0.0,0.0,0.0,0.0,0.0,0.0,0.0,2600.0,320.0,0.35,42
856,dataset\train\reference\00856.png,dataset\train\search\00856.png,669.7,591.6,619.7,541.6,100,100,dram_legacy,5.0,10.0,2000.0,200.0,1.5,0.5,1.0,0.0,1.0,0.0,0.0,0.0,0.0,0.0,0.0,0.0,2600.0,320.0,0.35,42
857,dataset\train\reference\00857.png,dataset\train\search\00857.png,365.2,808.5,315.2,758.5,100,100,finfet_28nm,5.0,10.0,2000.0,200.0,1.5,0.5,1.0,0.0,1.0,0.0,0.0,0.0,0.0,0.0,0.0,0.0,2600.0,320.0,0.35,42
858,dataset\train\reference\00858.png,dataset\train\search\00858.png,855.4,427.5,805.4,377.5,100,100,finfet_45nm,5.0,10.0,2000.0,200.0,1.5,0.5,1.0,0.0,1.0,0.0,0.0,0.0,0.0,0.0,0.0,0.0,2600.0,320.0,0.35,42
859,dataset\train\reference\00859.png,dataset\train\search\00859.png,335.6,914.2,285.6,864.2,100,100,dram_legacy,5.0,10.0,2000.0,200.0,1.5,0.5,1.0,0.0,1.0,0.0,0.0,0.0,0.0,0.0,0.0,0.0,2600.0,320.0,0.35,42
860,dataset\train\reference\00860.png,dataset\train\search\00860.png,363.5,176.0,313.5,126.0,100,100,dram_compact,5.0,10.0,2000.0,200.0,1.5,0.5,1.0,0.0,1.0,0.0,0.0,0.0,0.0,0.0,0.0,0.0,2600.0,320.0,0.35,42
861,dataset\train\reference\00861.png,dataset\train\search\00861.png,274.5,682.2,224.5,632.2,100,100,dram_dense,5.0,10.0,2000.0,200.0,1.5,0.5,1.0,0.0,1.0,0.0,0.0,0.0,0.0,0.0,0.0,0.0,2600.0,320.0,0.35,42
862,dataset\train\reference\00862.png,dataset\train\search\00862.png,109.7,352.8,59.7,302.8,100,100,dram_legacy,5.0,10.0,2000.0,200.0,1.5,0.5,1.0,0.0,1.0,0.0,0.0,0.0,0.0,0.0,0.0,0.0,2600.0,320.0,0.35,42
863,dataset\train\reference\00863.png,dataset\train\search\00863.png,525.0,638.9,475.0,588.9,100,100,dram_compact,5.0,10.0,2000.0,200.0,1.5,0.5,1.0,0.0,1.0,0.0,0.0,0.0,0.0,0.0,0.0,0.0,2600.0,320.0,0.35,42
864,dataset\train\reference\00864.png,dataset\train\search\00864.png,552.1,580.8,502.1,530.8,100,100,finfet_10nm,5.0,10.0,2000.0,200.0,1.5,0.5,1.0,0.0,1.0,0.0,0.0,0.0,0.0,0.0,0.0,0.0,2600.0,320.0,0.35,42
865,dataset\train\reference\00865.png,dataset\train\search\00865.png,112.1,862.2,62.1,812.2,100,100,finfet_14nm,5.0,10.0,2000.0,200.0,1.5,0.5,1.0,0.0,1.0,0.0,0.0,0.0,0.0,0.0,0.0,0.0,2600.0,320.0,0.35,42
866,dataset\train\reference\00866.png,dataset\train\search\00866.png,586.6,421.4,536.6,371.4,100,100,dram_loose,5.0,10.0,2000.0,200.0,1.5,0.5,1.0,0.0,1.0,0.0,0.0,0.0,0.0,0.0,0.0,0.0,2600.0,320.0,0.35,42
867,dataset\train\reference\00867.png,dataset\train\search\00867.png,874.6,403.5,824.6,353.5,100,100,dram_legacy,5.0,10.0,2000.0,200.0,1.5,0.5,1.0,0.0,1.0,0.0,0.0,0.0,0.0,0.0,0.0,0.0,2600.0,320.0,0.35,42
868,dataset\train\reference\00868.png,dataset\train\search\00868.png,402.8,715.6,352.8,665.6,100,100,finfet_14nm,5.0,10.0,2000.0,200.0,1.5,0.5,1.0,0.0,1.0,0.0,0.0,0.0,0.0,0.0,0.0,0.0,2600.0,320.0,0.35,42
869,dataset\train\reference\00869.png,dataset\train\search\00869.png,542.2,902.6,492.2,852.6,100,100,dram_dense,5.0,10.0,2000.0,200.0,1.5,0.5,1.0,0.0,1.0,0.0,0.0,0.0,0.0,0.0,0.0,0.0,2600.0,320.0,0.35,42
870,dataset\train\reference\00870.png,dataset\train\search\00870.png,299.0,407.7,249.0,357.7,100,100,finfet_22nm,5.0,10.0,2000.0,200.0,1.5,0.5,1.0,0.0,1.0,0.0,0.0,0.0,0.0,0.0,0.0,0.0,2600.0,320.0,0.35,42
871,dataset\train\reference\00871.png,dataset\train\search\00871.png,321.1,608.8,271.1,558.8,100,100,dram_legacy,5.0,10.0,2000.0,200.0,1.5,0.5,1.0,0.0,1.0,0.0,0.0,0.0,0.0,0.0,0.0,0.0,2600.0,320.0,0.35,42
872,dataset\train\reference\00872.png,dataset\train\search\00872.png,891.8,555.3,841.8,505.3,100,100,finfet_14nm,5.0,10.0,2000.0,200.0,1.5,0.5,1.0,0.0,1.0,0.0,0.0,0.0,0.0,0.0,0.0,0.0,2600.0,320.0,0.35,42
873,dataset\train\reference\00873.png,dataset\train\search\00873.png,195.5,74.1,145.5,24.1,100,100,finfet_45nm,5.0,10.0,2000.0,200.0,1.5,0.5,1.0,0.0,1.0,0.0,0.0,0.0,0.0,0.0,0.0,0.0,2600.0,320.0,0.35,42
874,dataset\train\reference\00874.png,dataset\train\search\00874.png,716.8,880.2,666.8,830.2,100,100,dram_compact,5.0,10.0,2000.0,200.0,1.5,0.5,1.0,0.0,1.0,0.0,0.0,0.0,0.0,0.0,0.0,0.0,2600.0,320.0,0.35,42
875,dataset\train\reference\00875.png,dataset\train\search\00875.png,266.2,286.7,216.2,236.7,100,100,dram_1x,5.0,10.0,2000.0,200.0,1.5,0.5,1.0,0.0,1.0,0.0,0.0,0.0,0.0,0.0,0.0,0.0,2600.0,320.0,0.35,42
876,dataset\train\reference\00876.png,dataset\train\search\00876.png,686.3,674.7,636.3,624.7,100,100,finfet_22nm,5.0,10.0,2000.0,200.0,1.5,0.5,1.0,0.0,1.0,0.0,0.0,0.0,0.0,0.0,0.0,0.0,2600.0,320.0,0.35,42
877,dataset\train\reference\00877.png,dataset\train\search\00877.png,136.2,372.9,86.2,322.9,100,100,finfet_10nm,5.0,10.0,2000.0,200.0,1.5,0.5,1.0,0.0,1.0,0.0,0.0,0.0,0.0,0.0,0.0,0.0,2600.0,320.0,0.35,42
878,dataset\train\reference\00878.png,dataset\train\search\00878.png,178.5,645.6,128.5,595.6,100,100,finfet_14nm,5.0,10.0,2000.0,200.0,1.5,0.5,1.0,0.0,1.0,0.0,0.0,0.0,0.0,0.0,0.0,0.0,2600.0,320.0,0.35,42
879,dataset\train\reference\00879.png,dataset\train\search\00879.png,671.9,474.2,621.9,424.2,100,100,dram_dense,5.0,10.0,2000.0,200.0,1.5,0.5,1.0,0.0,1.0,0.0,0.0,0.0,0.0,0.0,0.0,0.0,2600.0,320.0,0.35,42
880,dataset\train\reference\00880.png,dataset\train\search\00880.png,613.5,512.1,563.5,462.1,100,100,finfet_28nm,5.0,10.0,2000.0,200.0,1.5,0.5,1.0,0.0,1.0,0.0,0.0,0.0,0.0,0.0,0.0,0.0,2600.0,320.0,0.35,42
881,dataset\train\reference\00881.png,dataset\train\search\00881.png,548.7,136.7,498.7,86.7,100,100,dram_dense,5.0,10.0,2000.0,200.0,1.5,0.5,1.0,0.0,1.0,0.0,0.0,0.0,0.0,0.0,0.0,0.0,2600.0,320.0,0.35,42
882,dataset\train\reference\00882.png,dataset\train\search\00882.png,52.0,336.0,2.0,286.0,100,100,finfet_28nm,5.0,10.0,2000.0,200.0,1.5,0.5,1.0,0.0,1.0,0.0,0.0,0.0,0.0,0.0,0.0,0.0,2600.0,320.0,0.35,42
883,dataset\train\reference\00883.png,dataset\train\search\00883.png,581.2,563.6,531.2,513.6,100,100,dram_wide,5.0,10.0,2000.0,200.0,1.5,0.5,1.0,0.0,1.0,0.0,0.0,0.0,0.0,0.0,0.0,0.0,2600.0,320.0,0.35,42
884,dataset\train\reference\00884.png,dataset\train\search\00884.png,568.0,401.7,518.0,351.7,100,100,dram_wide,5.0,10.0,2000.0,200.0,1.5,0.5,1.0,0.0,1.0,0.0,0.0,0.0,0.0,0.0,0.0,0.0,2600.0,320.0,0.35,42
885,dataset\train\reference\00885.png,dataset\train\search\00885.png,549.1,853.6,499.1,803.6,100,100,finfet_28nm,5.0,10.0,2000.0,200.0,1.5,0.5,1.0,0.0,1.0,0.0,0.0,0.0,0.0,0.0,0.0,0.0,2600.0,320.0,0.35,42
886,dataset\train\reference\00886.png,dataset\train\search\00886.png,455.7,468.0,405.7,418.0,100,100,dram_wide,5.0,10.0,2000.0,200.0,1.5,0.5,1.0,0.0,1.0,0.0,0.0,0.0,0.0,0.0,0.0,0.0,2600.0,320.0,0.35,42
887,dataset\train\reference\00887.png,dataset\train\search\00887.png,723.7,582.0,673.7,532.0,100,100,finfet_28nm,5.0,10.0,2000.0,200.0,1.5,0.5,1.0,0.0,1.0,0.0,0.0,0.0,0.0,0.0,0.0,0.0,2600.0,320.0,0.35,42
888,dataset\train\reference\00888.png,dataset\train\search\00888.png,910.9,501.6,860.9,451.6,100,100,dram_1x,5.0,10.0,2000.0,200.0,1.5,0.5,1.0,0.0,1.0,0.0,0.0,0.0,0.0,0.0,0.0,0.0,2600.0,320.0,0.35,42
889,dataset\train\reference\00889.png,dataset\train\search\00889.png,843.2,843.3,793.2,793.3,100,100,finfet_7nm,5.0,10.0,2000.0,200.0,1.5,0.5,1.0,0.0,1.0,0.0,0.0,0.0,0.0,0.0,0.0,0.0,2600.0,320.0,0.35,42
890,dataset\train\reference\00890.png,dataset\train\search\00890.png,230.3,627.1,180.3,577.1,100,100,finfet_22nm,5.0,10.0,2000.0,200.0,1.5,0.5,1.0,0.0,1.0,0.0,0.0,0.0,0.0,0.0,0.0,0.0,2600.0,320.0,0.35,42
891,dataset\train\reference\00891.png,dataset\train\search\00891.png,868.9,471.2,818.9,421.2,100,100,finfet_14nm,5.0,10.0,2000.0,200.0,1.5,0.5,1.0,0.0,1.0,0.0,0.0,0.0,0.0,0.0,0.0,0.0,2600.0,320.0,0.35,42
892,dataset\train\reference\00892.png,dataset\train\search\00892.png,758.8,543.8,708.8,493.8,100,100,dram_loose,5.0,10.0,2000.0,200.0,1.5,0.5,1.0,0.0,1.0,0.0,0.0,0.0,0.0,0.0,0.0,0.0,2600.0,320.0,0.35,42
893,dataset\train\reference\00893.png,dataset\train\search\00893.png,481.6,538.1,431.6,488.1,100,100,finfet_7nm,5.0,10.0,2000.0,200.0,1.5,0.5,1.0,0.0,1.0,0.0,0.0,0.0,0.0,0.0,0.0,0.0,2600.0,320.0,0.35,42
894,dataset\train\reference\00894.png,dataset\train\search\00894.png,356.0,939.5,306.0,889.5,100,100,dram_legacy,5.0,10.0,2000.0,200.0,1.5,0.5,1.0,0.0,1.0,0.0,0.0,0.0,0.0,0.0,0.0,0.0,2600.0,320.0,0.35,42
895,dataset\train\reference\00895.png,dataset\train\search\00895.png,948.6,587.9,898.6,537.9,100,100,finfet_22nm,5.0,10.0,2000.0,200.0,1.5,0.5,1.0,0.0,1.0,0.0,0.0,0.0,0.0,0.0,0.0,0.0,2600.0,320.0,0.35,42
896,dataset\train\reference\00896.png,dataset\train\search\00896.png,706.6,56.0,656.6,6.0,100,100,dram_1x,5.0,10.0,2000.0,200.0,1.5,0.5,1.0,0.0,1.0,0.0,0.0,0.0,0.0,0.0,0.0,0.0,2600.0,320.0,0.35,42
897,dataset\train\reference\00897.png,dataset\train\search\00897.png,207.9,649.1,157.9,599.1,100,100,finfet_45nm,5.0,10.0,2000.0,200.0,1.5,0.5,1.0,0.0,1.0,0.0,0.0,0.0,0.0,0.0,0.0,0.0,2600.0,320.0,0.35,42
898,dataset\train\reference\00898.png,dataset\train\search\00898.png,690.3,582.9,640.3,532.9,100,100,finfet_7nm,5.0,10.0,2000.0,200.0,1.5,0.5,1.0,0.0,1.0,0.0,0.0,0.0,0.0,0.0,0.0,0.0,2600.0,320.0,0.35,42
899,dataset\train\reference\00899.png,dataset\train\search\00899.png,925.6,552.8,875.6,502.8,100,100,dram_legacy,5.0,10.0,2000.0,200.0,1.5,0.5,1.0,0.0,1.0,0.0,0.0,0.0,0.0,0.0,0.0,0.0,2600.0,320.0,0.35,42
900,dataset\train\reference\00900.png,dataset\train\search\00900.png,485.3,783.4,435.3,733.4,100,100,dram_wide,5.0,10.0,2000.0,200.0,1.5,0.5,1.0,0.0,1.0,0.0,0.0,0.0,0.0,0.0,0.0,0.0,2600.0,320.0,0.35,42
901,dataset\train\reference\00901.png,dataset\train\search\00901.png,879.5,428.2,829.5,378.2,100,100,finfet_7nm,5.0,10.0,2000.0,200.0,1.5,0.5,1.0,0.0,1.0,0.0,0.0,0.0,0.0,0.0,0.0,0.0,2600.0,320.0,0.35,42
902,dataset\train\reference\00902.png,dataset\train\search\00902.png,738.1,886.4,688.1,836.4,100,100,finfet_14nm,5.0,10.0,2000.0,200.0,1.5,0.5,1.0,0.0,1.0,0.0,0.0,0.0,0.0,0.0,0.0,0.0,2600.0,320.0,0.35,42
903,dataset\train\reference\00903.png,dataset\train\search\00903.png,136.6,103.7,86.6,53.7,100,100,finfet_28nm,5.0,10.0,2000.0,200.0,1.5,0.5,1.0,0.0,1.0,0.0,0.0,0.0,0.0,0.0,0.0,0.0,2600.0,320.0,0.35,42
904,dataset\train\reference\00904.png,dataset\train\search\00904.png,795.7,925.0,745.7,875.0,100,100,dram_1x,5.0,10.0,2000.0,200.0,1.5,0.5,1.0,0.0,1.0,0.0,0.0,0.0,0.0,0.0,0.0,0.0,2600.0,320.0,0.35,42
905,dataset\train\reference\00905.png,dataset\train\search\00905.png,332.5,68.3,282.5,18.3,100,100,dram_dense,5.0,10.0,2000.0,200.0,1.5,0.5,1.0,0.0,1.0,0.0,0.0,0.0,0.0,0.0,0.0,0.0,2600.0,320.0,0.35,42
906,dataset\train\reference\00906.png,dataset\train\search\00906.png,177.6,432.1,127.6,382.1,100,100,dram_wide,5.0,10.0,2000.0,200.0,1.5,0.5,1.0,0.0,1.0,0.0,0.0,0.0,0.0,0.0,0.0,0.0,2600.0,320.0,0.35,42
907,dataset\train\reference\00907.png,dataset\train\search\00907.png,535.8,925.3,485.8,875.3,100,100,dram_1x,5.0,10.0,2000.0,200.0,1.5,0.5,1.0,0.0,1.0,0.0,0.0,0.0,0.0,0.0,0.0,0.0,2600.0,320.0,0.35,42
908,dataset\train\reference\00908.png,dataset\train\search\00908.png,944.1,846.0,894.1,796.0,100,100,finfet_45nm,5.0,10.0,2000.0,200.0,1.5,0.5,1.0,0.0,1.0,0.0,0.0,0.0,0.0,0.0,0.0,0.0,2600.0,320.0,0.35,42
909,dataset\train\reference\00909.png,dataset\train\search\00909.png,421.5,252.2,371.5,202.2,100,100,dram_1x,5.0,10.0,2000.0,200.0,1.5,0.5,1.0,0.0,1.0,0.0,0.0,0.0,0.0,0.0,0.0,0.0,2600.0,320.0,0.35,42
910,dataset\train\reference\00910.png,dataset\train\search\00910.png,254.4,726.2,204.4,676.2,100,100,dram_dense,5.0,10.0,2000.0,200.0,1.5,0.5,1.0,0.0,1.0,0.0,0.0,0.0,0.0,0.0,0.0,0.0,2600.0,320.0,0.35,42
911,dataset\train\reference\00911.png,dataset\train\search\00911.png,756.9,307.1,706.9,257.1,100,100,dram_legacy,5.0,10.0,2000.0,200.0,1.5,0.5,1.0,0.0,1.0,0.0,0.0,0.0,0.0,0.0,0.0,0.0,2600.0,320.0,0.35,42
912,dataset\train\reference\00912.png,dataset\train\search\00912.png,860.9,216.8,810.9,166.8,100,100,dram_legacy,5.0,10.0,2000.0,200.0,1.5,0.5,1.0,0.0,1.0,0.0,0.0,0.0,0.0,0.0,0.0,0.0,2600.0,320.0,0.35,42
913,dataset\train\reference\00913.png,dataset\train\search\00913.png,411.2,51.7,361.2,1.7,100,100,finfet_10nm,5.0,10.0,2000.0,200.0,1.5,0.5,1.0,0.0,1.0,0.0,0.0,0.0,0.0,0.0,0.0,0.0,2600.0,320.0,0.35,42
914,dataset\train\reference\00914.png,dataset\train\search\00914.png,725.1,537.5,675.1,487.5,100,100,finfet_22nm,5.0,10.0,2000.0,200.0,1.5,0.5,1.0,0.0,1.0,0.0,0.0,0.0,0.0,0.0,0.0,0.0,2600.0,320.0,0.35,42
915,dataset\train\reference\00915.png,dataset\train\search\00915.png,861.8,918.7,811.8,868.7,100,100,finfet_10nm,5.0,10.0,2000.0,200.0,1.5,0.5,1.0,0.0,1.0,0.0,0.0,0.0,0.0,0.0,0.0,0.0,2600.0,320.0,0.35,42
916,dataset\train\reference\00916.png,dataset\train\search\00916.png,441.8,874.3,391.8,824.3,100,100,finfet_22nm,5.0,10.0,2000.0,200.0,1.5,0.5,1.0,0.0,1.0,0.0,0.0,0.0,0.0,0.0,0.0,0.0,2600.0,320.0,0.35,42
917,dataset\train\reference\00917.png,dataset\train\search\00917.png,586.4,584.8,536.4,534.8,100,100,dram_wide,5.0,10.0,2000.0,200.0,1.5,0.5,1.0,0.0,1.0,0.0,0.0,0.0,0.0,0.0,0.0,0.0,2600.0,320.0,0.35,42
918,dataset\train\reference\00918.png,dataset\train\search\00918.png,272.3,588.5,222.3,538.5,100,100,finfet_45nm,5.0,10.0,2000.0,200.0,1.5,0.5,1.0,0.0,1.0,0.0,0.0,0.0,0.0,0.0,0.0,0.0,2600.0,320.0,0.35,42
919,dataset\train\reference\00919.png,dataset\train\search\00919.png,403.7,402.7,353.7,352.7,100,100,finfet_22nm,5.0,10.0,2000.0,200.0,1.5,0.5,1.0,0.0,1.0,0.0,0.0,0.0,0.0,0.0,0.0,0.0,2600.0,320.0,0.35,42
920,dataset\train\reference\00920.png,dataset\train\search\00920.png,446.5,272.2,396.5,222.2,100,100,dram_loose,5.0,10.0,2000.0,200.0,1.5,0.5,1.0,0.0,1.0,0.0,0.0,0.0,0.0,0.0,0.0,0.0,2600.0,320.0,0.35,42
921,dataset\train\reference\00921.png,dataset\train\search\00921.png,376.3,155.6,326.3,105.6,100,100,finfet_7nm,5.0,10.0,2000.0,200.0,1.5,0.5,1.0,0.0,1.0,0.0,0.0,0.0,0.0,0.0,0.0,0.0,2600.0,320.0,0.35,42
922,dataset\train\reference\00922.png,dataset\train\search\00922.png,277.2,649.7,227.2,599.7,100,100,finfet_10nm,5.0,10.0,2000.0,200.0,1.5,0.5,1.0,0.0,1.0,0.0,0.0,0.0,0.0,0.0,0.0,0.0,2600.0,320.0,0.35,42
923,dataset\train\reference\00923.png,dataset\train\search\00923.png,175.8,286.2,125.8,236.2,100,100,finfet_10nm,5.0,10.0,2000.0,200.0,1.5,0.5,1.0,0.0,1.0,0.0,0.0,0.0,0.0,0.0,0.0,0.0,2600.0,320.0,0.35,42
924,dataset\train\reference\00924.png,dataset\train\search\00924.png,294.8,566.2,244.8,516.2,100,100,dram_compact,5.0,10.0,2000.0,200.0,1.5,0.5,1.0,0.0,1.0,0.0,0.0,0.0,0.0,0.0,0.0,0.0,2600.0,320.0,0.35,42
925,dataset\train\reference\00925.png,dataset\train\search\00925.png,432.9,535.7,382.9,485.7,100,100,dram_wide,5.0,10.0,2000.0,200.0,1.5,0.5,1.0,0.0,1.0,0.0,0.0,0.0,0.0,0.0,0.0,0.0,2600.0,320.0,0.35,42
926,dataset\train\reference\00926.png,dataset\train\search\00926.png,643.4,548.8,593.4,498.8,100,100,dram_dense,5.0,10.0,2000.0,200.0,1.5,0.5,1.0,0.0,1.0,0.0,0.0,0.0,0.0,0.0,0.0,0.0,2600.0,320.0,0.35,42
927,dataset\train\reference\00927.png,dataset\train\search\00927.png,460.1,756.7,410.1,706.7,100,100,dram_dense,5.0,10.0,2000.0,200.0,1.5,0.5,1.0,0.0,1.0,0.0,0.0,0.0,0.0,0.0,0.0,0.0,2600.0,320.0,0.35,42
928,dataset\train\reference\00928.png,dataset\train\search\00928.png,426.7,482.6,376.7,432.6,100,100,dram_wide,5.0,10.0,2000.0,200.0,1.5,0.5,1.0,0.0,1.0,0.0,0.0,0.0,0.0,0.0,0.0,0.0,2600.0,320.0,0.35,42
929,dataset\train\reference\00929.png,dataset\train\search\00929.png,575.8,119.7,525.8,69.7,100,100,dram_loose,5.0,10.0,2000.0,200.0,1.5,0.5,1.0,0.0,1.0,0.0,0.0,0.0,0.0,0.0,0.0,0.0,2600.0,320.0,0.35,42
930,dataset\train\reference\00930.png,dataset\train\search\00930.png,945.4,583.6,895.4,533.6,100,100,finfet_14nm,5.0,10.0,2000.0,200.0,1.5,0.5,1.0,0.0,1.0,0.0,0.0,0.0,0.0,0.0,0.0,0.0,2600.0,320.0,0.35,42
931,dataset\train\reference\00931.png,dataset\train\search\00931.png,863.1,851.4,813.1,801.4,100,100,finfet_22nm,5.0,10.0,2000.0,200.0,1.5,0.5,1.0,0.0,1.0,0.0,0.0,0.0,0.0,0.0,0.0,0.0,2600.0,320.0,0.35,42
932,dataset\train\reference\00932.png,dataset\train\search\00932.png,310.0,194.0,260.0,144.0,100,100,dram_dense,5.0,10.0,2000.0,200.0,1.5,0.5,1.0,0.0,1.0,0.0,0.0,0.0,0.0,0.0,0.0,0.0,2600.0,320.0,0.35,42
933,dataset\train\reference\00933.png,dataset\train\search\00933.png,583.7,720.2,533.7,670.2,100,100,dram_compact,5.0,10.0,2000.0,200.0,1.5,0.5,1.0,0.0,1.0,0.0,0.0,0.0,0.0,0.0,0.0,0.0,2600.0,320.0,0.35,42
934,dataset\train\reference\00934.png,dataset\train\search\00934.png,444.9,878.7,394.9,828.7,100,100,dram_1x,5.0,10.0,2000.0,200.0,1.5,0.5,1.0,0.0,1.0,0.0,0.0,0.0,0.0,0.0,0.0,0.0,2600.0,320.0,0.35,42
935,dataset\train\reference\00935.png,dataset\train\search\00935.png,279.5,289.7,229.5,239.7,100,100,finfet_22nm,5.0,10.0,2000.0,200.0,1.5,0.5,1.0,0.0,1.0,0.0,0.0,0.0,0.0,0.0,0.0,0.0,2600.0,320.0,0.35,42
936,dataset\train\reference\00936.png,dataset\train\search\00936.png,779.6,250.7,729.6,200.7,100,100,finfet_10nm,5.0,10.0,2000.0,200.0,1.5,0.5,1.0,0.0,1.0,0.0,0.0,0.0,0.0,0.0,0.0,0.0,2600.0,320.0,0.35,42
937,dataset\train\reference\00937.png,dataset\train\search\00937.png,129.0,911.1,79.0,861.1,100,100,finfet_10nm,5.0,10.0,2000.0,200.0,1.5,0.5,1.0,0.0,1.0,0.0,0.0,0.0,0.0,0.0,0.0,0.0,2600.0,320.0,0.35,42
938,dataset\train\reference\00938.png,dataset\train\search\00938.png,695.6,558.2,645.6,508.2,100,100,dram_wide,5.0,10.0,2000.0,200.0,1.5,0.5,1.0,0.0,1.0,0.0,0.0,0.0,0.0,0.0,0.0,0.0,2600.0,320.0,0.35,42
939,dataset\train\reference\00939.png,dataset\train\search\00939.png,67.6,196.7,17.6,146.7,100,100,finfet_14nm,5.0,10.0,2000.0,200.0,1.5,0.5,1.0,0.0,1.0,0.0,0.0,0.0,0.0,0.0,0.0,0.0,2600.0,320.0,0.35,42
940,dataset\train\reference\00940.png,dataset\train\search\00940.png,417.3,866.2,367.3,816.2,100,100,dram_compact,5.0,10.0,2000.0,200.0,1.5,0.5,1.0,0.0,1.0,0.0,0.0,0.0,0.0,0.0,0.0,0.0,2600.0,320.0,0.35,42
941,dataset\train\reference\00941.png,dataset\train\search\00941.png,287.5,142.8,237.5,92.8,100,100,finfet_45nm,5.0,10.0,2000.0,200.0,1.5,0.5,1.0,0.0,1.0,0.0,0.0,0.0,0.0,0.0,0.0,0.0,2600.0,320.0,0.35,42
942,dataset\train\reference\00942.png,dataset\train\search\00942.png,519.3,562.7,469.3,512.7,100,100,dram_1x,5.0,10.0,2000.0,200.0,1.5,0.5,1.0,0.0,1.0,0.0,0.0,0.0,0.0,0.0,0.0,0.0,2600.0,320.0,0.35,42
943,dataset\train\reference\00943.png,dataset\train\search\00943.png,257.0,714.2,207.0,664.2,100,100,finfet_22nm,5.0,10.0,2000.0,200.0,1.5,0.5,1.0,0.0,1.0,0.0,0.0,0.0,0.0,0.0,0.0,0.0,2600.0,320.0,0.35,42
944,dataset\train\reference\00944.png,dataset\train\search\00944.png,870.7,837.0,820.7,787.0,100,100,dram_1x,5.0,10.0,2000.0,200.0,1.5,0.5,1.0,0.0,1.0,0.0,0.0,0.0,0.0,0.0,0.0,0.0,2600.0,320.0,0.35,42
945,dataset\train\reference\00945.png,dataset\train\search\00945.png,917.1,569.8,867.1,519.8,100,100,dram_loose,5.0,10.0,2000.0,200.0,1.5,0.5,1.0,0.0,1.0,0.0,0.0,0.0,0.0,0.0,0.0,0.0,2600.0,320.0,0.35,42
946,dataset\train\reference\00946.png,dataset\train\search\00946.png,874.8,544.7,824.8,494.7,100,100,dram_legacy,5.0,10.0,2000.0,200.0,1.5,0.5,1.0,0.0,1.0,0.0,0.0,0.0,0.0,0.0,0.0,0.0,2600.0,320.0,0.35,42
947,dataset\train\reference\00947.png,dataset\train\search\00947.png,370.5,831.6,320.5,781.6,100,100,dram_dense,5.0,10.0,2000.0,200.0,1.5,0.5,1.0,0.0,1.0,0.0,0.0,0.0,0.0,0.0,0.0,0.0,2600.0,320.0,0.35,42
948,dataset\train\reference\00948.png,dataset\train\search\00948.png,609.9,363.2,559.9,313.2,100,100,dram_1x,5.0,10.0,2000.0,200.0,1.5,0.5,1.0,0.0,1.0,0.0,0.0,0.0,0.0,0.0,0.0,0.0,2600.0,320.0,0.35,42
949,dataset\train\reference\00949.png,dataset\train\search\00949.png,707.2,269.0,657.2,219.0,100,100,finfet_14nm,5.0,10.0,2000.0,200.0,1.5,0.5,1.0,0.0,1.0,0.0,0.0,0.0,0.0,0.0,0.0,0.0,2600.0,320.0,0.35,42
950,dataset\train\reference\00950.png,dataset\train\search\00950.png,369.2,859.8,319.2,809.8,100,100,dram_legacy,5.0,10.0,2000.0,200.0,1.5,0.5,1.0,0.0,1.0,0.0,0.0,0.0,0.0,0.0,0.0,0.0,2600.0,320.0,0.35,42
951,dataset\train\reference\00951.png,dataset\train\search\00951.png,367.1,193.3,317.1,143.3,100,100,finfet_10nm,5.0,10.0,2000.0,200.0,1.5,0.5,1.0,0.0,1.0,0.0,0.0,0.0,0.0,0.0,0.0,0.0,2600.0,320.0,0.35,42
952,dataset\train\reference\00952.png,dataset\train\search\00952.png,467.9,234.3,417.9,184.3,100,100,finfet_7nm,5.0,10.0,2000.0,200.0,1.5,0.5,1.0,0.0,1.0,0.0,0.0,0.0,0.0,0.0,0.0,0.0,2600.0,320.0,0.35,42
953,dataset\train\reference\00953.png,dataset\train\search\00953.png,893.2,584.7,843.2,534.7,100,100,dram_legacy,5.0,10.0,2000.0,200.0,1.5,0.5,1.0,0.0,1.0,0.0,0.0,0.0,0.0,0.0,0.0,0.0,2600.0,320.0,0.35,42
954,dataset\train\reference\00954.png,dataset\train\search\00954.png,154.0,589.0,104.0,539.0,100,100,dram_wide,5.0,10.0,2000.0,200.0,1.5,0.5,1.0,0.0,1.0,0.0,0.0,0.0,0.0,0.0,0.0,0.0,2600.0,320.0,0.35,42
955,dataset\train\reference\00955.png,dataset\train\search\00955.png,420.4,523.9,370.4,473.9,100,100,dram_wide,5.0,10.0,2000.0,200.0,1.5,0.5,1.0,0.0,1.0,0.0,0.0,0.0,0.0,0.0,0.0,0.0,2600.0,320.0,0.35,42
956,dataset\train\reference\00956.png,dataset\train\search\00956.png,62.6,781.2,12.6,731.2,100,100,finfet_14nm,5.0,10.0,2000.0,200.0,1.5,0.5,1.0,0.0,1.0,0.0,0.0,0.0,0.0,0.0,0.0,0.0,2600.0,320.0,0.35,42
957,dataset\train\reference\00957.png,dataset\train\search\00957.png,488.8,493.5,438.8,443.5,100,100,dram_loose,5.0,10.0,2000.0,200.0,1.5,0.5,1.0,0.0,1.0,0.0,0.0,0.0,0.0,0.0,0.0,0.0,2600.0,320.0,0.35,42
958,dataset\train\reference\00958.png,dataset\train\search\00958.png,719.3,844.4,669.3,794.4,100,100,dram_dense,5.0,10.0,2000.0,200.0,1.5,0.5,1.0,0.0,1.0,0.0,0.0,0.0,0.0,0.0,0.0,0.0,2600.0,320.0,0.35,42
959,dataset\train\reference\00959.png,dataset\train\search\00959.png,949.1,863.0,899.1,813.0,100,100,dram_dense,5.0,10.0,2000.0,200.0,1.5,0.5,1.0,0.0,1.0,0.0,0.0,0.0,0.0,0.0,0.0,0.0,2600.0,320.0,0.35,42
960,dataset\train\reference\00960.png,dataset\train\search\00960.png,726.7,862.0,676.7,812.0,100,100,finfet_22nm,5.0,10.0,2000.0,200.0,1.5,0.5,1.0,0.0,1.0,0.0,0.0,0.0,0.0,0.0,0.0,0.0,2600.0,320.0,0.35,42
961,dataset\train\reference\00961.png,dataset\train\search\00961.png,290.4,550.6,240.4,500.6,100,100,finfet_28nm,5.0,10.0,2000.0,200.0,1.5,0.5,1.0,0.0,1.0,0.0,0.0,0.0,0.0,0.0,0.0,0.0,2600.0,320.0,0.35,42
962,dataset\train\reference\00962.png,dataset\train\search\00962.png,149.3,860.0,99.3,810.0,100,100,finfet_7nm,5.0,10.0,2000.0,200.0,1.5,0.5,1.0,0.0,1.0,0.0,0.0,0.0,0.0,0.0,0.0,0.0,2600.0,320.0,0.35,42
963,dataset\train\reference\00963.png,dataset\train\search\00963.png,198.3,848.8,148.3,798.8,100,100,finfet_28nm,5.0,10.0,2000.0,200.0,1.5,0.5,1.0,0.0,1.0,0.0,0.0,0.0,0.0,0.0,0.0,0.0,2600.0,320.0,0.35,42
964,dataset\train\reference\00964.png,dataset\train\search\00964.png,648.3,193.4,598.3,143.4,100,100,finfet_10nm,5.0,10.0,2000.0,200.0,1.5,0.5,1.0,0.0,1.0,0.0,0.0,0.0,0.0,0.0,0.0,0.0,2600.0,320.0,0.35,42
965,dataset\train\reference\00965.png,dataset\train\search\00965.png,730.2,268.3,680.2,218.3,100,100,finfet_7nm,5.0,10.0,2000.0,200.0,1.5,0.5,1.0,0.0,1.0,0.0,0.0,0.0,0.0,0.0,0.0,0.0,2600.0,320.0,0.35,42
966,dataset\train\reference\00966.png,dataset\train\search\00966.png,547.6,949.5,497.6,899.5,100,100,dram_wide,5.0,10.0,2000.0,200.0,1.5,0.5,1.0,0.0,1.0,0.0,0.0,0.0,0.0,0.0,0.0,0.0,2600.0,320.0,0.35,42
967,dataset\train\reference\00967.png,dataset\train\search\00967.png,260.2,772.6,210.2,722.6,100,100,dram_dense,5.0,10.0,2000.0,200.0,1.5,0.5,1.0,0.0,1.0,0.0,0.0,0.0,0.0,0.0,0.0,0.0,2600.0,320.0,0.35,42
968,dataset\train\reference\00968.png,dataset\train\search\00968.png,119.4,845.9,69.4,795.9,100,100,finfet_7nm,5.0,10.0,2000.0,200.0,1.5,0.5,1.0,0.0,1.0,0.0,0.0,0.0,0.0,0.0,0.0,0.0,2600.0,320.0,0.35,42
969,dataset\train\reference\00969.png,dataset\train\search\00969.png,266.2,277.3,216.2,227.3,100,100,dram_compact,5.0,10.0,2000.0,200.0,1.5,0.5,1.0,0.0,1.0,0.0,0.0,0.0,0.0,0.0,0.0,0.0,2600.0,320.0,0.35,42
970,dataset\train\reference\00970.png,dataset\train\search\00970.png,931.3,567.8,881.3,517.8,100,100,dram_dense,5.0,10.0,2000.0,200.0,1.5,0.5,1.0,0.0,1.0,0.0,0.0,0.0,0.0,0.0,0.0,0.0,2600.0,320.0,0.35,42
971,dataset\train\reference\00971.png,dataset\train\search\00971.png,239.3,325.4,189.3,275.4,100,100,finfet_22nm,5.0,10.0,2000.0,200.0,1.5,0.5,1.0,0.0,1.0,0.0,0.0,0.0,0.0,0.0,0.0,0.0,2600.0,320.0,0.35,42
972,dataset\train\reference\00972.png,dataset\train\search\00972.png,296.9,430.5,246.9,380.5,100,100,finfet_10nm,5.0,10.0,2000.0,200.0,1.5,0.5,1.0,0.0,1.0,0.0,0.0,0.0,0.0,0.0,0.0,0.0,2600.0,320.0,0.35,42
973,dataset\train\reference\00973.png,dataset\train\search\00973.png,269.4,920.1,219.4,870.1,100,100,dram_legacy,5.0,10.0,2000.0,200.0,1.5,0.5,1.0,0.0,1.0,0.0,0.0,0.0,0.0,0.0,0.0,0.0,2600.0,320.0,0.35,42
974,dataset\train\reference\00974.png,dataset\train\search\00974.png,234.0,142.8,184.0,92.8,100,100,dram_legacy,5.0,10.0,2000.0,200.0,1.5,0.5,1.0,0.0,1.0,0.0,0.0,0.0,0.0,0.0,0.0,0.0,2600.0,320.0,0.35,42
975,dataset\train\reference\00975.png,dataset\train\search\00975.png,838.3,590.4,788.3,540.4,100,100,dram_compact,5.0,10.0,2000.0,200.0,1.5,0.5,1.0,0.0,1.0,0.0,0.0,0.0,0.0,0.0,0.0,0.0,2600.0,320.0,0.35,42
976,dataset\train\reference\00976.png,dataset\train\search\00976.png,474.3,464.8,424.3,414.8,100,100,finfet_22nm,5.0,10.0,2000.0,200.0,1.5,0.5,1.0,0.0,1.0,0.0,0.0,0.0,0.0,0.0,0.0,0.0,2600.0,320.0,0.35,42
977,dataset\train\reference\00977.png,dataset\train\search\00977.png,74.6,866.6,24.6,816.6,100,100,dram_compact,5.0,10.0,2000.0,200.0,1.5,0.5,1.0,0.0,1.0,0.0,0.0,0.0,0.0,0.0,0.0,0.0,2600.0,320.0,0.35,42
978,dataset\train\reference\00978.png,dataset\train\search\00978.png,309.4,142.5,259.4,92.5,100,100,finfet_14nm,5.0,10.0,2000.0,200.0,1.5,0.5,1.0,0.0,1.0,0.0,0.0,0.0,0.0,0.0,0.0,0.0,2600.0,320.0,0.35,42
979,dataset\train\reference\00979.png,dataset\train\search\00979.png,272.2,715.0,222.2,665.0,100,100,dram_1x,5.0,10.0,2000.0,200.0,1.5,0.5,1.0,0.0,1.0,0.0,0.0,0.0,0.0,0.0,0.0,0.0,2600.0,320.0,0.35,42
980,dataset\train\reference\00980.png,dataset\train\search\00980.png,800.5,941.9,750.5,891.9,100,100,finfet_28nm,5.0,10.0,2000.0,200.0,1.5,0.5,1.0,0.0,1.0,0.0,0.0,0.0,0.0,0.0,0.0,0.0,2600.0,320.0,0.35,42
981,dataset\train\reference\00981.png,dataset\train\search\00981.png,721.6,517.7,671.6,467.7,100,100,finfet_14nm,5.0,10.0,2000.0,200.0,1.5,0.5,1.0,0.0,1.0,0.0,0.0,0.0,0.0,0.0,0.0,0.0,2600.0,320.0,0.35,42
982,dataset\train\reference\00982.png,dataset\train\search\00982.png,449.2,838.7,399.2,788.7,100,100,dram_dense,5.0,10.0,2000.0,200.0,1.5,0.5,1.0,0.0,1.0,0.0,0.0,0.0,0.0,0.0,0.0,0.0,2600.0,320.0,0.35,42
983,dataset\train\reference\00983.png,dataset\train\search\00983.png,581.8,754.9,531.8,704.9,100,100,finfet_14nm,5.0,10.0,2000.0,200.0,1.5,0.5,1.0,0.0,1.0,0.0,0.0,0.0,0.0,0.0,0.0,0.0,2600.0,320.0,0.35,42
984,dataset\train\reference\00984.png,dataset\train\search\00984.png,413.2,291.7,363.2,241.7,100,100,dram_legacy,5.0,10.0,2000.0,200.0,1.5,0.5,1.0,0.0,1.0,0.0,0.0,0.0,0.0,0.0,0.0,0.0,2600.0,320.0,0.35,42
985,dataset\train\reference\00985.png,dataset\train\search\00985.png,402.5,509.4,352.5,459.4,100,100,finfet_10nm,5.0,10.0,2000.0,200.0,1.5,0.5,1.0,0.0,1.0,0.0,0.0,0.0,0.0,0.0,0.0,0.0,2600.0,320.0,0.35,42
986,dataset\train\reference\00986.png,dataset\train\search\00986.png,117.9,869.4,67.9,819.4,100,100,dram_dense,5.0,10.0,2000.0,200.0,1.5,0.5,1.0,0.0,1.0,0.0,0.0,0.0,0.0,0.0,0.0,0.0,2600.0,320.0,0.35,42
987,dataset\train\reference\00987.png,dataset\train\search\00987.png,913.2,821.7,863.2,771.7,100,100,finfet_7nm,5.0,10.0,2000.0,200.0,1.5,0.5,1.0,0.0,1.0,0.0,0.0,0.0,0.0,0.0,0.0,0.0,2600.0,320.0,0.35,42
988,dataset\train\reference\00988.png,dataset\train\search\00988.png,145.4,285.7,95.4,235.7,100,100,dram_1x,5.0,10.0,2000.0,200.0,1.5,0.5,1.0,0.0,1.0,0.0,0.0,0.0,0.0,0.0,0.0,0.0,2600.0,320.0,0.35,42
989,dataset\train\reference\00989.png,dataset\train\search\00989.png,269.3,368.9,219.3,318.9,100,100,dram_1x,5.0,10.0,2000.0,200.0,1.5,0.5,1.0,0.0,1.0,0.0,0.0,0.0,0.0,0.0,0.0,0.0,2600.0,320.0,0.35,42
990,dataset\train\reference\00990.png,dataset\train\search\00990.png,330.4,490.1,280.4,440.1,100,100,dram_dense,5.0,10.0,2000.0,200.0,1.5,0.5,1.0,0.0,1.0,0.0,0.0,0.0,0.0,0.0,0.0,0.0,2600.0,320.0,0.35,42
991,dataset\train\reference\00991.png,dataset\train\search\00991.png,284.9,111.3,234.9,61.3,100,100,dram_loose,5.0,10.0,2000.0,200.0,1.5,0.5,1.0,0.0,1.0,0.0,0.0,0.0,0.0,0.0,0.0,0.0,2600.0,320.0,0.35,42
992,dataset\train\reference\00992.png,dataset\train\search\00992.png,577.9,413.8,527.9,363.8,100,100,finfet_22nm,5.0,10.0,2000.0,200.0,1.5,0.5,1.0,0.0,1.0,0.0,0.0,0.0,0.0,0.0,0.0,0.0,2600.0,320.0,0.35,42
993,dataset\train\reference\00993.png,dataset\train\search\00993.png,216.8,72.8,166.8,22.8,100,100,dram_wide,5.0,10.0,2000.0,200.0,1.5,0.5,1.0,0.0,1.0,0.0,0.0,0.0,0.0,0.0,0.0,0.0,2600.0,320.0,0.35,42
994,dataset\train\reference\00994.png,dataset\train\search\00994.png,836.4,114.9,786.4,64.9,100,100,finfet_28nm,5.0,10.0,2000.0,200.0,1.5,0.5,1.0,0.0,1.0,0.0,0.0,0.0,0.0,0.0,0.0,0.0,2600.0,320.0,0.35,42
995,dataset\train\reference\00995.png,dataset\train\search\00995.png,938.2,581.9,888.2,531.9,100,100,finfet_7nm,5.0,10.0,2000.0,200.0,1.5,0.5,1.0,0.0,1.0,0.0,0.0,0.0,0.0,0.0,0.0,0.0,2600.0,320.0,0.35,42
996,dataset\train\reference\00996.png,dataset\train\search\00996.png,181.8,476.6,131.8,426.6,100,100,finfet_10nm,5.0,10.0,2000.0,200.0,1.5,0.5,1.0,0.0,1.0,0.0,0.0,0.0,0.0,0.0,0.0,0.0,2600.0,320.0,0.35,42
997,dataset\train\reference\00997.png,dataset\train\search\00997.png,359.9,202.8,309.9,152.8,100,100,finfet_10nm,5.0,10.0,2000.0,200.0,1.5,0.5,1.0,0.0,1.0,0.0,0.0,0.0,0.0,0.0,0.0,0.0,2600.0,320.0,0.35,42
998,dataset\train\reference\00998.png,dataset\train\search\00998.png,761.1,291.0,711.1,241.0,100,100,dram_compact,5.0,10.0,2000.0,200.0,1.5,0.5,1.0,0.0,1.0,0.0,0.0,0.0,0.0,0.0,0.0,0.0,2600.0,320.0,0.35,42
999,dataset\train\reference\00999.png,dataset\train\search\00999.png,254.6,297.4,204.6,247.4,100,100,dram_wide,5.0,10.0,2000.0,200.0,1.5,0.5,1.0,0.0,1.0,0.0,0.0,0.0,0.0,0.0,0.0,0.0,2600.0,320.0,0.35,42
